AvgTemp,Day_of_Year
-0.4,1
-1.1,2
-7.9,3
-5.1,4
-4.2,5
-3.1,6
-6.5,7
-1.9,8
-0.3,9
1.1,10
-0.8,11
-1.8,12
-6.9,13
1.5,14
0.4,15
1.4,16
2.8,17
2.6,18
-0.1,19
0.8,20
0.2,21
0.9,22
0.1,23
-2.8,24
-2.6,25
-4.3,26
-6.4,27
-9.1,28
-5.5,29
-7.6,30
-8.6,31
2.0,32
1.3,33
-1.3,34
4.1,35
1.3,36
4.6,37
-1.9,38
-6.0,39
-5.1,40
-3.6,41
-6.6,42
-2.1,43
3.9,44
3.0,45
2.4,46
3.1,47
2.4,48
1.2,49
0.8,50
3.4,51
1.3,52
1.4,53
3.3,54
2.2,55
-0.2,56
-1.2,57
-2.3,58
4.2,59
4.4,60
1.7,61
1.8,62
2.2,63
1.7,64
1.1,65
3.1,66
0.9,67
1.1,68
1.4,69
1.8,70
3.4,71
2.8,72
-0.8,73
-0.9,74
0.6,75
1.9,76
2.6,77
2.3,78
1.7,79
1.3,80
2.3,81
5.1,82
6.4,83
3.8,84
3.4,85
-1.3,86
-1.5,87
1.1,88
1.1,89
2.2,90
5.2,91
3.6,92
3.1,93
2.9,94
2.6,95
2.1,96
-0.3,97
1.4,98
1.8,99
1.7,100
4.4,101
4.5,102
5.4,103
7.0,104
6.9,105
5.6,106
2.2,107
2.9,108
5.0,109
1.6,110
4.2,111
5.7,112
12.7,113
12.1,114
9.2,115
5.2,116
3.5,117
0.6,118
0.8,119
2.9,120
4.6,121
7.3,122
11.9,123
12.7,124
12.3,125
10.3,126
6.3,127
6.1,128
5.9,129
5.7,130
4.0,131
3.3,132
6.1,133
1.6,134
4.1,135
5.8,136
7.9,137
8.4,138
8.4,139
10.9,140
9.6,141
6.7,142
5.9,143
10.4,144
12.6,145
11.7,146
16.5,147
17.4,148
18.6,149
19.9,150
19.3,151
18.6,152
20.3,153
16.9,154
16.2,155
17.0,156
18.7,157
16.2,158
16.0,159
16.3,160
13.3,161
14.4,162
11.3,163
12.8,164
18.4,165
16.7,166
17.9,167
15.4,168
13.4,169
13.1,170
17.8,171
17.3,172
12.1,173
15.4,174
20.1,175
20.6,176
20.9,177
17.4,178
18.4,179
16.0,180
13.3,181
13.2,182
15.3,183
16.4,184
13.6,185
15.8,186
15.2,187
19.8,188
19.3,189
15.9,190
15.4,191
18.4,192
21.3,193
21.5,194
20.4,195
17.8,196
17.9,197
15.7,198
18.4,199
17.8,200
17.2,201
20.4,202
17.9,203
17.4,204
16.4,205
16.4,206
17.9,207
20.5,208
20.4,209
23.6,210
22.8,211
21.7,212
22.5,213
21.6,214
20.7,215
16.9,216
19.5,217
23.6,218
15.4,219
14.6,220
18.0,221
18.7,222
18.5,223
20.1,224
22.8,225
19.2,226
18.5,227
19.6,228
23.3,229
24.6,230
21.6,231
17.7,232
19.0,233
22.2,234
22.8,235
19.3,236
18.2,237
14.7,238
14.6,239
10.8,240
10.7,241
11.1,242
14.1,243
13.3,244
15.1,245
15.7,246
14.4,247
14.4,248
17.9,249
15.0,250
15.2,251
13.2,252
11.3,253
11.7,254
12.8,255
13.2,256
13.7,257
12.6,258
11.9,259
10.6,260
9.2,261
9.8,262
10.9,263
10.4,264
12.2,265
13.5,266
13.2,267
13.3,268
13.8,269
10.6,270
8.7,271
7.9,272
6.8,273
5.6,274
7.1,275
11.6,276
12.7,277
14.2,278
12.9,279
12.6,280
12.9,281
16.1,282
14.6,283
11.7,284
10.6,285
11.8,286
5.3,287
8.0,288
11.9,289
13.3,290
10.6,291
12.1,292
8.6,293
4.5,294
4.0,295
8.2,296
8.9,297
9.2,298
9.8,299
11.7,300
8.5,301
3.4,302
1.8,303
2.4,304
-0.1,305
-0.7,306
-0.6,307
-2.2,308
-3.7,309
2.8,310
-2.3,311
-2.0,312
3.2,313
2.5,314
0.8,315
-2.3,316
0.9,317
0.6,318
3.1,319
-0.3,320
-2.2,321
-3.7,322
-2.8,323
-6.6,324
0.7,325
0.8,326
3.2,327
7.7,328
6.9,329
4.1,330
0.4,331
-4.0,332
-0.9,333
-2.9,334
-2.1,335
-2.8,336
-0.4,337
-3.6,338
-6.8,339
-2.9,340
-2.1,341
1.6,342
-0.9,343
10.0,344
-0.1,345
-0.5,346
-1.1,347
-2.2,348
-1.7,349
-3.0,350
-2.0,351
-4.4,352
-8.0,353
-9.3,354
-9.1,355
-13.3,356
-4.9,357
-11.2,358
-16.1,359
-16.8,360
-13.7,361
-11.1,362
-7.7,363
-5.1,364
-10.6,365
-10.5,1
-15.1,2
-10.4,3
-11.2,4
-16.1,5
-6.5,6
0.3,7
0.1,8
0.7,9
0.9,10
0.4,11
0.4,12
1.6,13
1.3,14
0.6,15
-1.3,16
-1.1,17
-0.5,18
-1.4,19
-2.3,20
-4.2,21
-2.9,22
-3.6,23
-4.8,24
-4.2,25
-7.1,26
-7.7,27
-3.4,28
-3.7,29
-3.8,30
-6.0,31
-6.1,32
-2.9,33
-4.1,34
-6.8,35
-13.8,36
-15.3,37
-14.2,38
-15.1,39
-12.8,40
-6.5,41
-6.1,42
-6.8,43
-7.6,44
-10.1,45
-1.3,46
-0.1,47
-8.2,48
-12.6,49
-8.6,50
-8.8,51
-9.3,52
-8.5,53
-12.8,54
-5.8,55
-3.8,56
1.2,57
1.2,58
0.4,59
1.0,60
-0.3,61
-1.3,62
-3.6,63
-0.7,64
1.4,65
-2.6,66
-2.7,67
0.3,68
-1.1,69
-1.0,70
-1.2,71
-2.3,72
-1.4,73
-1.1,74
-1.6,75
0.3,76
-0.2,77
-1.6,78
-0.8,79
0.1,80
-3.6,81
-4.0,82
-1.1,83
0.4,84
10.0,85
0.1,86
0.2,87
1.2,88
0.5,89
-0.1,90
0.3,91
0.9,92
-0.3,93
1.8,94
4.1,95
5.1,96
6.8,97
7.3,98
7.8,99
10.1,100
2.3,101
0.1,102
1.7,103
2.7,104
5.2,105
4.9,106
7.7,107
10.3,108
11.0,109
11.5,110
11.9,111
10.7,112
14.5,113
8.6,114
7.1,115
4.3,116
4.2,117
8.2,118
9.3,119
5.2,120
6.2,121
7.9,122
8.5,123
8.4,124
8.4,125
3.8,126
4.4,127
7.6,128
7.4,129
6.7,130
6.3,131
7.4,132
13.8,133
17.1,134
15.3,135
5.9,136
5.2,137
3.7,138
6.2,139
6.7,140
7.0,141
11.1,142
11.8,143
13.6,144
12.4,145
10.2,146
10.2,147
11.5,148
9.4,149
9.8,150
12.7,151
13.3,152
13.9,153
14.6,154
15.1,155
15.6,156
17.0,157
18.0,158
16.0,159
16.5,160
16.8,161
17.3,162
21.1,163
18.2,164
14.4,165
13.5,166
14.1,167
15.2,168
14.9,169
13.9,170
11.7,171
12.7,172
12.7,173
13.5,174
15.4,175
15.7,176
17.0,177
18.0,178
15.6,179
16.1,180
16.3,181
16.9,182
13.7,183
13.8,184
12.6,185
14.1,186
15.8,187
13.9,188
15.9,189
16.9,190
12.5,191
13.9,192
19.1,193
17.6,194
17.4,195
17.4,196
17.7,197
14.0,198
14.1,199
13.2,200
15.2,201
16.3,202
14.6,203
19.3,204
21.8,205
20.0,206
18.6,207
21.7,208
18.7,209
17.6,210
17.8,211
17.4,212
16.7,213
17.9,214
16.9,215
16.7,216
18.9,217
19.7,218
19.2,219
17.9,220
18.3,221
17.3,222
19.6,223
20.8,224
20.7,225
21.4,226
21.5,227
20.9,228
20.1,229
21.2,230
19.3,231
22.2,232
22.6,233
22.9,234
22.6,235
21.1,236
20.2,237
21.9,238
20.1,239
19.3,240
19.4,241
20.1,242
19.5,243
18.3,244
17.8,245
17.4,246
16.1,247
13.3,248
11.4,249
10.9,250
11.4,251
12.0,252
10.3,253
7.6,254
7.9,255
9.7,256
11.6,257
9.6,258
10.7,259
10.6,260
10.7,261
9.9,262
11.6,263
8.3,264
7.9,265
8.7,266
8.4,267
9.2,268
7.7,269
8.3,270
9.0,271
10.9,272
10.5,273
11.7,274
11.3,275
7.7,276
9.1,277
11.8,278
9.8,279
10.7,280
12.8,281
13.3,282
11.7,283
9.2,284
5.9,285
10.3,286
7.8,287
8.6,288
9.3,289
9.1,290
10.7,291
10.4,292
7.3,293
6.9,294
5.5,295
4.6,296
6.1,297
5.7,298
5.6,299
7.1,300
8.2,301
8.6,302
10.1,303
4.9,304
-0.2,305
7.1,306
8.4,307
11.3,308
8.3,309
10.3,310
7.3,311
4.3,312
1.6,313
3.6,314
0.1,315
-0.9,316
3.3,317
1.7,318
-2.6,319
4.1,320
6.9,321
5.8,322
3.7,323
6.5,324
4.2,325
5.7,326
2.2,327
2.6,328
-0.3,329
-2.1,330
-1.0,331
-1.0,332
-0.4,333
-0.1,334
1.1,335
0.8,336
2.7,337
3.8,338
4.7,339
5.0,340
4.3,341
-0.6,342
1.6,343
4.6,344
4.8,345
2.3,346
0.5,347
-4.8,348
-12.7,349
-10.6,350
-5.2,351
-6.3,352
-6.6,353
-9.6,354
-10.4,355
-6.2,356
-6.9,357
-10.4,358
-4.6,359
-11.3,360
-8.3,361
-0.7,362
-1.3,363
-1.7,364
-4.9,365
-7.9,1
-10.4,2
-9.7,3
-8.2,4
-4.1,5
-7.9,6
-5.2,7
-5.3,8
-3.4,9
-9.2,10
-7.8,11
-5.7,12
4.1,13
3.8,14
4.3,15
2.4,16
-0.8,17
0.2,18
1.6,19
-3.1,20
0.7,21
0.5,22
-0.2,23
-3.3,24
-7.1,25
0.3,26
0.4,27
0.5,28
3.3,29
2.2,30
0.4,31
-1.8,32
-2.7,33
-1.8,34
1.3,35
-1.9,36
-1.3,37
4.6,38
4.1,39
1.2,40
3.2,41
3.3,42
2.2,43
-2.2,44
-6.9,45
-10.7,46
-8.9,47
-9.3,48
-1.4,49
0.3,50
0.8,51
2.4,52
2.6,53
6.0,54
6.5,55
4.7,56
3.9,57
3.0,58
0.6,59
6.1,60
6.3,61
6.1,62
4.2,63
3.7,64
4.5,65
3.0,66
5.6,67
3.6,68
2.8,69
5.2,70
4.1,71
5.3,72
0.6,73
-0.9,74
-2.4,75
-2.9,76
-2.9,77
-3.1,78
-2.3,79
-2.8,80
-3.3,81
-3.3,82
-3.3,83
-1.7,84
0.2,85
7.4,86
4.0,87
2.7,88
4.7,89
8.8,90
9.6,91
8.4,92
7.8,93
2.8,94
1.3,95
0.3,96
1.6,97
2.2,98
3.8,99
6.7,100
0.3,101
-0.9,102
6.0,103
4.3,104
1.2,105
4.9,106
6.1,107
3.4,108
2.3,109
2.7,110
3.9,111
4.7,112
2.6,113
2.7,114
5.2,115
4.8,116
8.0,117
9.6,118
5.8,119
6.2,120
10.5,121
13.2,122
8.0,123
6.8,124
3.2,125
7.6,126
7.8,127
8.3,128
6.1,129
7.3,130
10.2,131
12.8,132
13.3,133
13.9,134
13.6,135
12.1,136
11.6,137
12.1,138
8.3,139
5.5,140
6.3,141
7.2,142
6.2,143
8.2,144
8.9,145
9.1,146
9.2,147
9.2,148
7.8,149
8.1,150
9.4,151
13.9,152
16.3,153
13.4,154
12.1,155
15.6,156
17.1,157
18.3,158
18.1,159
19.0,160
19.3,161
19.2,162
19.9,163
19.9,164
16.9,165
18.1,166
13.7,167
10.1,168
13.1,169
14.1,170
14.8,171
14.7,172
14.3,173
15.8,174
15.6,175
13.9,176
14.2,177
14.8,178
17.8,179
18.6,180
20.4,181
23.2,182
21.8,183
19.9,184
20.6,185
22.2,186
20.9,187
22.1,188
18.0,189
16.0,190
15.3,191
14.7,192
15.7,193
16.7,194
17.3,195
18.7,196
17.9,197
16.9,198
17.5,199
18.9,200
21.6,201
21.6,202
22.6,203
22.1,204
20.7,205
19.7,206
18.7,207
20.1,208
17.4,209
16.5,210
19.1,211
19.2,212
19.8,213
19.8,214
21.5,215
19.6,216
20.3,217
19.9,218
20.7,219
21.7,220
22.4,221
22.6,222
19.1,223
20.1,224
20.5,225
17.6,226
15.3,227
17.1,228
21.1,229
20.6,230
21.9,231
22.8,232
22.3,233
22.4,234
20.3,235
19.7,236
20.3,237
23.5,238
23.2,239
23.3,240
22.2,241
21.3,242
21.4,243
19.8,244
19.9,245
19.1,246
18.9,247
16.8,248
15.6,249
14.3,250
15.0,251
13.0,252
12.9,253
11.8,254
13.4,255
13.5,256
11.4,257
12.0,258
14.9,259
14.7,260
8.7,261
8.9,262
8.4,263
10.3,264
11.7,265
9.1,266
9.9,267
14.3,268
11.9,269
9.2,270
6.6,271
8.2,272
9.1,273
6.6,274
8.2,275
7.8,276
8.5,277
5.6,278
6.3,279
9.3,280
11.6,281
8.1,282
8.7,283
7.4,284
5.8,285
2.4,286
3.3,287
3.2,288
3.4,289
4.1,290
9.9,291
9.2,292
2.7,293
2.7,294
2.5,295
-0.6,296
-1.3,297
-1.7,298
-1.3,299
-1.1,300
0.5,301
3.4,302
3.0,303
6.9,304
8.8,305
0.6,306
-1.6,307
-3.0,308
-0.2,309
4.3,310
3.3,311
7.4,312
3.9,313
6.9,314
6.9,315
6.6,316
6.4,317
5.2,318
3.5,319
1.6,320
3.4,321
0.7,322
2.0,323
2.2,324
2.8,325
1.8,326
1.3,327
-0.1,328
-0.7,329
-0.6,330
-5.2,331
-5.3,332
-1.9,333
0.6,334
2.3,335
0.2,336
-1.7,337
-6.8,338
-4.7,339
-1.2,340
-2.1,341
3.3,342
4.2,343
4.9,344
3.9,345
1.9,346
-0.1,347
-0.2,348
-1.9,349
-1.3,350
-0.1,351
-2.4,352
-3.5,353
-2.4,354
-0.4,355
-1.3,356
-2.8,357
-1.9,358
2.1,359
2.5,360
-1.3,361
-3.6,362
1.4,363
1.5,364
2.2,365
2.4,1
3.6,2
4.0,3
3.8,4
1.4,5
-0.5,6
-1.2,7
-0.8,8
-1.6,9
1.9,10
6.7,11
4.9,12
4.1,13
3.7,14
4.0,15
4.6,16
3.6,17
0.3,18
1.7,19
-1.6,20
-2.8,21
-1.2,22
10.0,23
-3.0,24
-1.6,25
-1.4,26
-0.1,27
-5.6,28
-7.1,29
-6.1,30
-5.7,31
-5.1,32
-2.6,33
-4.3,34
-4.8,35
-4.2,36
-4.6,37
2.3,38
1.4,39
3.5,40
5.7,41
3.2,42
2.3,43
0.3,44
1.1,45
0.2,46
0.3,47
-2.4,48
5.3,49
6.1,50
6.2,51
6.9,52
6.4,53
5.9,54
1.3,55
-1.3,56
5.6,57
5.1,58
2.4,59
-0.1,60
-2.7,61
-1.3,62
0.4,63
-2.7,64
-1.4,65
-2.3,66
-2.2,67
-7.2,68
-8.1,69
-4.6,70
-0.7,71
-3.9,72
-4.4,73
-4.0,74
0.9,75
1.2,76
4.6,77
0.3,78
1.0,79
1.6,80
0.9,81
-0.6,82
0.6,83
2.3,84
4.4,85
1.8,86
2.5,87
2.1,88
6.5,89
5.4,90
-2.7,91
-2.7,92
-2.8,93
0.1,94
10.0,95
1.2,96
0.2,97
1.7,98
-0.1,99
1.3,100
3.1,101
10.0,102
0.6,103
1.8,104
2.9,105
4.6,106
4.6,107
3.6,108
2.4,109
3.4,110
5.6,111
3.9,112
5.9,113
8.1,114
10.7,115
8.6,116
8.6,117
11.9,118
12.3,119
14.1,120
12.9,121
10.8,122
5.6,123
5.8,124
5.2,125
8.2,126
10.3,127
13.8,128
12.6,129
15.9,130
10.8,131
9.0,132
9.3,133
11.9,134
13.1,135
12.0,136
14.2,137
16.4,138
13.7,139
8.2,140
6.9,141
5.6,142
7.2,143
7.7,144
5.7,145
7.2,146
9.3,147
10.8,148
11.2,149
12.1,150
15.8,151
10.1,152
8.7,153
10.4,154
13.9,155
11.9,156
12.3,157
12.6,158
16.3,159
14.8,160
16.6,161
15.5,162
15.8,163
15.2,164
14.4,165
10.4,166
12.1,167
11.9,168
11.9,169
12.6,170
12.9,171
11.9,172
10.4,173
9.8,174
13.5,175
12.5,176
14.1,177
14.4,178
15.7,179
15.9,180
16.1,181
15.7,182
15.8,183
15.0,184
15.9,185
15.2,186
14.5,187
15.2,188
17.0,189
17.5,190
17.0,191
18.1,192
16.2,193
18.1,194
15.7,195
14.3,196
13.9,197
15.5,198
15.2,199
14.7,200
17.1,201
18.9,202
17.9,203
17.9,204
15.6,205
15.8,206
14.8,207
17.2,208
17.3,209
15.2,210
16.2,211
15.6,212
17.2,213
16.2,214
16.9,215
14.7,216
15.1,217
16.8,218
15.1,219
15.7,220
15.9,221
15.7,222
16.9,223
16.8,224
14.7,225
16.8,226
15.6,227
18.3,228
16.1,229
17.0,230
14.3,231
14.4,232
14.1,233
13.6,234
14.4,235
14.0,236
12.9,237
12.4,238
9.9,239
13.2,240
12.9,241
12.9,242
11.8,243
10.1,244
11.3,245
12.6,246
12.6,247
13.2,248
12.9,249
14.6,250
16.2,251
15.8,252
17.3,253
15.9,254
15.9,255
16.6,256
16.1,257
12.1,258
12.9,259
12.6,260
11.8,261
12.1,262
11.8,263
12.5,264
14.4,265
11.2,266
14.3,267
8.5,268
9.5,269
12.8,270
12.4,271
10.8,272
7.4,273
5.5,274
6.9,275
6.6,276
5.6,277
7.0,278
5.9,279
4.6,280
4.4,281
6.6,282
9.6,283
9.1,284
7.9,285
6.2,286
8.3,287
8.4,288
5.9,289
6.2,290
5.7,291
5.7,292
4.6,293
3.8,294
10.3,295
12.7,296
7.2,297
9.3,298
8.8,299
5.7,300
5.1,301
5.4,302
3.4,303
0.8,304
2.6,305
1.8,306
1.2,307
1.7,308
0.8,309
-1.1,310
-1.7,311
-3.4,312
-2.3,313
0.8,314
1.7,315
2.2,316
1.3,317
-0.2,318
-0.6,319
-1.5,320
-1.8,321
-1.6,322
-3.7,323
-5.9,324
-2.4,325
0.2,326
-4.7,327
0.2,328
1.2,329
1.5,330
0.9,331
0.8,332
1.4,333
0.8,334
-0.8,335
1.7,336
10.0,337
-1.3,338
-0.1,339
-2.9,340
-3.1,341
-2.7,342
-2.4,343
-1.7,344
-1.9,345
-2.1,346
-1.3,347
-1.7,348
3.8,349
3.2,350
4.7,351
5.9,352
2.2,353
-2.5,354
-5.3,355
-9.6,356
-1.8,357
0.1,358
1.5,359
2.1,360
3.0,361
4.2,362
2.5,363
1.1,364
0.5,365
0.2,1
1.0,2
2.1,3
1.7,4
2.3,5
-0.1,6
-0.8,7
-4.8,8
-4.3,9
-4.2,10
-6.6,11
-5.1,12
-6.9,13
-6.9,14
-2.2,15
2.6,16
1.7,17
2.9,18
2.9,19
6.4,20
6.3,21
3.2,22
2.8,23
2.2,24
2.2,25
-6.9,26
-11.6,27
-15.4,28
-11.7,29
-8.6,30
-0.5,31
2.9,32
3.8,33
2.4,34
3.3,35
-2.9,36
-9.0,37
-11.2,38
-10.2,39
-6.9,40
-7.8,41
-8.2,42
-2.4,43
1.8,44
1.8,45
1.7,46
1.7,47
-3.7,48
-1.8,49
-2.0,50
0.4,51
0.3,52
0.1,53
-0.4,54
-2.3,55
-4.4,56
-3.6,57
0.1,58
2.3,59
3.3,60
1.1,61
-1.3,62
0.2,63
0.9,64
1.1,65
2.7,66
0.3,67
-2.6,68
-3.6,69
-4.1,70
-3.8,71
-3.2,72
-0.2,73
0.9,74
0.7,75
0.2,76
1.9,77
3.2,78
1.6,79
1.2,80
2.6,81
1.1,82
0.7,83
4.6,84
3.5,85
7.7,86
5.4,87
5.8,88
7.2,89
7.1,90
8.3,91
9.1,92
7.4,93
4.0,94
7.8,95
8.2,96
8.4,97
7.8,98
11.0,99
10.7,100
7.5,101
3.6,102
5.2,103
7.0,104
5.2,105
6.1,106
2.5,107
5.3,108
4.9,109
8.6,110
6.5,111
7.3,112
9.1,113
8.1,114
9.6,115
12.1,116
12.3,117
12.5,118
7.5,119
7.3,120
6.9,121
5.3,122
6.2,123
7.2,124
8.3,125
9.4,126
10.8,127
5.0,128
4.4,129
2.9,130
4.4,131
4.1,132
7.3,133
8.2,134
9.5,135
11.6,136
11.1,137
15.8,138
17.0,139
16.1,140
16.9,141
14.3,142
11.8,143
15.2,144
15.2,145
14.0,146
15.3,147
18.2,148
16.8,149
13.6,150
13.9,151
17.6,152
18.2,153
17.6,154
17.2,155
16.2,156
14.1,157
14.5,158
16.6,159
14.8,160
17.4,161
18.3,162
18.2,163
20.6,164
20.7,165
19.2,166
21.7,167
21.2,168
17.1,169
20.4,170
20.3,171
16.3,172
17.8,173
10.3,174
17.2,175
17.0,176
15.2,177
18.2,178
22.2,179
18.9,180
21.1,181
19.9,182
17.8,183
17.1,184
19.3,185
19.7,186
20.6,187
17.7,188
18.6,189
22.8,190
25.1,191
25.4,192
25.3,193
25.6,194
24.8,195
20.3,196
19.8,197
18.8,198
19.9,199
22.1,200
23.0,201
20.6,202
18.0,203
16.4,204
19.3,205
19.4,206
18.6,207
19.7,208
20.3,209
22.0,210
21.1,211
23.9,212
24.9,213
24.9,214
25.0,215
25.2,216
22.2,217
16.3,218
17.1,219
17.0,220
17.1,221
15.2,222
16.9,223
16.0,224
14.9,225
15.9,226
15.3,227
16.0,228
16.2,229
17.8,230
16.3,231
15.7,232
14.8,233
13.2,234
14.6,235
15.1,236
17.2,237
16.8,238
16.8,239
16.8,240
17.1,241
18.2,242
15.3,243
14.2,244
17.1,245
20.9,246
21.1,247
20.4,248
19.4,249
19.4,250
19.0,251
18.6,252
17.9,253
16.9,254
15.7,255
14.3,256
14.4,257
14.4,258
14.4,259
15.1,260
16.4,261
15.9,262
15.9,263
16.7,264
15.3,265
14.2,266
14.7,267
12.2,268
12.7,269
13.7,270
13.9,271
13.4,272
14.3,273
12.9,274
12.9,275
11.7,276
11.1,277
10.7,278
10.3,279
7.6,280
9.8,281
7.0,282
7.5,283
9.7,284
9.7,285
9.4,286
7.8,287
6.8,288
5.8,289
4.3,290
4.8,291
4.7,292
3.8,293
3.3,294
5.8,295
6.8,296
8.2,297
9.6,298
8.9,299
6.7,300
6.8,301
8.6,302
8.7,303
7.9,304
10.1,305
10.6,306
7.6,307
8.6,308
7.6,309
6.9,310
6.9,311
6.3,312
7.3,313
3.4,314
6.6,315
9.7,316
7.9,317
1.3,318
-1.3,319
3.1,320
1.7,321
2.8,322
0.9,323
-2.1,324
-2.1,325
-0.2,326
-3.7,327
1.9,328
4.1,329
5.4,330
7.2,331
5.7,332
7.4,333
2.2,334
5.3,335
0.7,336
-1.6,337
-0.5,338
-6.6,339
0.2,340
4.4,341
-3.6,342
3.4,343
4.1,344
-2.8,345
2.1,346
-2.9,347
-6.2,348
-2.8,349
-9.2,350
2.0,351
-1.8,352
-2.6,353
-5.4,354
-7.6,355
-0.7,356
1.9,357
2.9,358
2.7,359
2.4,360
0.7,361
-0.7,362
-2.3,363
-7.9,364
-10.7,365
-1.9,1
1.5,2
10.0,3
3.2,4
-1.7,5
2.9,6
3.2,7
5.6,8
3.9,9
-0.3,10
3.8,11
4.4,12
3.1,13
-0.8,14
-1.9,15
1.3,16
3.5,17
-0.5,18
-1.8,19
-0.9,20
-7.3,21
-14.6,22
-13.3,23
-9.5,24
-4.4,25
-0.4,26
0.3,27
-3.4,28
1.3,29
0.9,30
-4.3,31
-3.3,32
-0.8,33
-4.2,34
3.1,35
1.7,36
5.8,37
4.4,38
2.0,39
-1.3,40
0.7,41
4.9,42
4.4,43
2.5,44
-0.3,45
-0.3,46
-0.6,47
-1.1,48
-3.6,49
-3.5,50
-3.7,51
-5.6,52
-3.6,53
-2.1,54
-0.3,55
-1.3,56
-2.3,57
3.4,58
4.7,59
4.8,60
2.4,61
1.1,62
1.3,63
-2.3,64
-4.3,65
1.9,66
4.7,67
0.2,68
0.2,69
0.6,70
-1.2,71
-0.3,72
4.1,73
4.8,74
0.9,75
1.0,76
1.0,77
1.9,78
2.2,79
8.7,80
6.9,81
4.9,82
2.6,83
3.1,84
3.2,85
1.5,86
0.6,87
0.2,88
0.9,89
5.6,90
7.0,91
1.7,92
-1.0,93
1.2,94
5.8,95
1.6,96
3.9,97
3.3,98
3.4,99
3.6,100
4.7,101
3.3,102
3.7,103
4.4,104
3.5,105
6.0,106
5.7,107
8.2,108
9.2,109
10.4,110
10.2,111
12.7,112
12.2,113
11.8,114
12.0,115
8.5,116
11.3,117
11.0,118
13.7,119
16.8,120
11.7,121
8.3,122
7.6,123
8.9,124
10.2,125
13.2,126
10.7,127
11.6,128
13.9,129
16.6,130
16.9,131
10.8,132
8.1,133
15.9,134
17.1,135
16.9,136
14.1,137
17.7,138
15.2,139
12.9,140
12.7,141
13.7,142
13.0,143
13.1,144
13.4,145
12.4,146
11.3,147
13.2,148
13.7,149
12.5,150
12.2,151
10.5,152
13.0,153
13.1,154
13.9,155
12.1,156
11.8,157
13.9,158
9.4,159
13.3,160
16.1,161
18.4,162
19.9,163
14.1,164
16.2,165
16.0,166
14.2,167
10.9,168
12.2,169
14.1,170
17.1,171
20.4,172
19.2,173
19.6,174
17.4,175
17.8,176
16.0,177
15.6,178
12.5,179
15.1,180
12.2,181
15.2,182
15.5,183
14.7,184
19.7,185
21.7,186
19.8,187
17.9,188
15.8,189
15.6,190
15.2,191
16.1,192
17.3,193
15.6,194
15.4,195
14.2,196
14.8,197
14.6,198
18.5,199
17.3,200
17.1,201
16.1,202
17.3,203
20.3,204
15.7,205
16.2,206
15.7,207
13.9,208
14.8,209
16.4,210
16.2,211
18.8,212
19.9,213
18.8,214
17.1,215
15.8,216
17.7,217
17.7,218
17.7,219
16.1,220
14.5,221
16.9,222
17.3,223
17.8,224
17.6,225
16.3,226
18.0,227
18.5,228
17.6,229
17.0,230
16.7,231
17.4,232
15.7,233
16.2,234
15.2,235
14.2,236
12.6,237
13.9,238
16.3,239
16.7,240
16.9,241
17.1,242
16.1,243
13.6,244
13.5,245
14.9,246
11.5,247
11.3,248
10.8,249
11.5,250
14.2,251
15.1,252
15.7,253
14.6,254
12.2,255
11.5,256
10.4,257
9.9,258
9.3,259
10.3,260
11.1,261
10.8,262
9.6,263
9.7,264
9.4,265
9.7,266
9.6,267
10.0,268
9.8,269
9.3,270
10.7,271
13.8,272
15.4,273
14.2,274
13.2,275
14.4,276
14.2,277
12.5,278
12.9,279
14.4,280
13.2,281
13.8,282
13.4,283
9.8,284
10.1,285
11.3,286
10.8,287
9.3,288
8.2,289
11.2,290
12.3,291
11.7,292
11.3,293
12.1,294
11.4,295
10.4,296
8.6,297
11.6,298
10.3,299
6.9,300
2.8,301
1.8,302
8.5,303
8.2,304
9.4,305
9.6,306
7.8,307
8.7,308
8.9,309
5.4,310
5.8,311
8.7,312
8.9,313
8.3,314
8.0,315
7.5,316
7.4,317
7.8,318
6.1,319
5.3,320
1.7,321
5.2,322
6.6,323
6.6,324
7.6,325
6.4,326
7.2,327
7.1,328
7.4,329
7.4,330
6.2,331
5.4,332
5.1,333
6.4,334
8.3,335
5.5,336
8.1,337
5.9,338
7.1,339
6.4,340
8.0,341
6.6,342
7.1,343
7.2,344
6.3,345
6.9,346
5.3,347
8.4,348
4.8,349
5.9,350
4.2,351
1.9,352
-0.9,353
-0.6,354
-2.5,355
-2.0,356
0.9,357
-2.2,358
-1.6,359
-6.7,360
-5.5,361
-0.9,362
0.3,363
0.3,364
0.1,365
-1.7,1
1.3,2
3.0,3
2.3,4
3.2,5
3.8,6
3.6,7
4.2,8
1.7,9
-3.4,10
-1.4,11
-4.0,12
-0.1,13
-2.1,14
-5.6,15
-5.7,16
-4.7,17
-1.6,18
-0.7,19
-3.8,20
-1.4,21
-1.1,22
-0.6,23
1.6,24
2.7,25
2.7,26
1.4,27
-0.3,28
-0.7,29
-4.7,30
-2.1,31
-6.5,32
-9.8,33
-14.9,34
-16.1,35
-15.2,36
-3.2,37
4.1,38
3.8,39
-1.2,40
-4.3,41
-0.2,42
4.9,43
2.7,44
3.3,45
3.6,46
0.4,47
1.5,48
1.4,49
2.3,50
1.7,51
2.3,52
-5.5,53
-10.2,54
-9.9,55
-8.5,56
-10.4,57
-11.6,58
-7.8,59
-6.3,60
-5.1,61
-9.8,62
-2.2,63
-2.3,64
2.8,65
0.2,66
1.0,67
1.9,68
3.2,69
5.1,70
5.5,71
4.0,72
2.6,73
1.9,74
0.7,75
-2.6,76
-4.9,77
-5.6,78
-3.8,79
-2.2,80
-2.4,81
-2.9,82
-1.4,83
-2.4,84
-1.8,85
0.1,86
0.5,87
2.5,88
2.1,89
3.5,90
8.1,91
7.2,92
6.9,93
6.2,94
6.8,95
6.7,96
5.7,97
6.3,98
7.7,99
6.3,100
4.2,101
2.2,102
1.6,103
1.9,104
2.2,105
5.1,106
5.0,107
3.9,108
3.6,109
2.4,110
4.7,111
5.8,112
6.1,113
7.1,114
9.6,115
9.2,116
10.4,117
10.7,118
9.4,119
11.2,120
11.9,121
12.0,122
13.4,123
7.4,124
10.3,125
7.5,126
11.8,127
15.3,128
16.8,129
13.2,130
11.7,131
13.7,132
14.7,133
11.1,134
9.7,135
9.8,136
10.0,137
11.5,138
10.5,139
11.4,140
9.0,141
11.5,142
15.4,143
12.1,144
9.6,145
14.0,146
15.8,147
9.4,148
7.1,149
8.5,150
12.0,151
13.8,152
13.8,153
11.2,154
13.2,155
15.3,156
14.8,157
14.8,158
12.7,159
12.7,160
13.1,161
13.2,162
12.8,163
14.8,164
16.9,165
17.1,166
16.7,167
12.9,168
15.3,169
14.0,170
16.1,171
14.7,172
14.4,173
18.9,174
20.6,175
19.6,176
20.6,177
22.9,178
20.6,179
19.2,180
20.1,181
18.6,182
20.2,183
22.9,184
24.6,185
25.0,186
26.2,187
25.3,188
23.9,189
24.3,190
19.9,191
19.1,192
17.2,193
15.3,194
17.0,195
18.3,196
17.7,197
14.6,198
15.1,199
16.6,200
19.4,201
18.5,202
18.9,203
20.2,204
21.8,205
22.9,206
23.3,207
21.4,208
21.9,209
23.6,210
21.1,211
18.9,212
18.7,213
16.9,214
18.4,215
18.1,216
18.2,217
15.2,218
14.6,219
17.6,220
18.0,221
17.2,222
14.8,223
14.6,224
17.3,225
17.8,226
20.1,227
21.1,228
20.7,229
19.2,230
19.1,231
17.7,232
19.8,233
18.5,234
17.4,235
18.4,236
19.1,237
20.1,238
16.4,239
14.9,240
16.0,241
15.6,242
17.7,243
17.2,244
15.4,245
14.4,246
14.1,247
14.2,248
14.9,249
14.3,250
13.6,251
14.4,252
12.4,253
12.6,254
13.9,255
13.0,256
13.7,257
14.1,258
14.3,259
16.1,260
16.3,261
16.2,262
12.7,263
13.8,264
14.2,265
12.6,266
9.1,267
6.7,268
9.9,269
9.1,270
9.2,271
5.1,272
6.1,273
11.3,274
14.0,275
13.9,276
12.7,277
11.7,278
11.1,279
11.7,280
13.5,281
12.7,282
12.3,283
9.2,284
11.8,285
13.9,286
9.8,287
9.4,288
11.9,289
12.3,290
9.3,291
8.0,292
6.6,293
9.0,294
6.2,295
3.2,296
4.4,297
5.5,298
9.8,299
11.1,300
9.0,301
6.7,302
9.2,303
8.9,304
4.3,305
3.8,306
10.7,307
8.1,308
2.2,309
1.9,310
-0.2,311
0.8,312
-1.4,313
2.8,314
7.6,315
1.8,316
0.7,317
-0.9,318
6.2,319
1.4,320
4.6,321
5.1,322
2.4,323
3.6,324
5.3,325
3.3,326
0.7,327
-1.0,328
1.0,329
2.9,330
3.2,331
2.7,332
2.9,333
2.8,334
3.2,335
4.1,336
3.5,337
2.2,338
1.7,339
3.9,340
2.6,341
2.4,342
2.3,343
2.9,344
4.9,345
3.2,346
1.9,347
1.3,348
-2.4,349
-1.4,350
1.6,351
2.2,352
-0.6,353
-7.5,354
-2.2,355
-11.8,356
-17.6,357
-10.2,358
-0.6,359
-7.4,360
-13.5,361
-4.8,362
-4.3,363
-8.8,364
-15.3,365
-8.0,1
-10.8,2
-6.5,3
-2.7,4
-5.0,5
-3.7,6
-1.8,7
0.3,8
-2.9,9
2.6,10
2.5,11
2.2,12
3.9,13
3.2,14
3.7,15
1.4,16
3.2,17
2.8,18
2.1,19
0.7,20
2.4,21
1.6,22
10.0,23
0.4,24
-4.4,25
-5.3,26
-2.7,27
-0.1,28
1.3,29
-3.9,30
0.6,31
1.1,32
6.8,33
8.0,34
4.2,35
4.1,36
5.2,37
3.8,38
3.6,39
3.9,40
4.2,41
1.6,42
1.0,43
-0.3,44
-0.8,45
2.4,46
5.1,47
5.7,48
4.2,49
0.7,50
-4.7,51
-5.4,52
-0.1,53
0.8,54
-3.1,55
-2.7,56
-0.8,57
0.4,58
-1.5,59
-3.1,60
-1.9,61
-4.2,62
1.3,63
4.8,64
3.7,65
-0.5,66
0.9,67
5.3,68
3.1,69
5.0,70
5.1,71
0.9,72
-1.2,73
1.0,74
1.5,75
3.6,76
3.2,77
5.7,78
3.4,79
1.7,80
1.7,81
0.6,82
1.4,83
1.6,84
2.8,85
5.7,86
6.8,87
9.2,88
6.7,89
5.3,90
6.4,91
6.7,92
7.1,93
4.3,94
2.8,95
3.4,96
3.5,97
3.0,98
4.3,99
5.4,100
6.9,101
9.6,102
10.4,103
6.9,104
5.4,105
3.8,106
2.5,107
5.6,108
7.6,109
10.9,110
12.8,111
13.0,112
11.4,113
12.8,114
15.1,115
9.9,116
9.3,117
7.3,118
7.1,119
10.5,120
9.1,121
11.4,122
11.3,123
9.7,124
10.8,125
11.0,126
11.9,127
13.7,128
11.6,129
11.6,130
13.7,131
16.6,132
15.3,133
16.4,134
14.6,135
12.9,136
11.0,137
10.7,138
9.9,139
13.6,140
15.1,141
15.6,142
17.5,143
15.2,144
10.0,145
14.0,146
13.2,147
14.4,148
15.2,149
16.7,150
15.3,151
17.9,152
19.8,153
20.6,154
20.9,155
20.5,156
20.1,157
19.2,158
21.0,159
21.4,160
20.1,161
19.9,162
17.3,163
16.4,164
14.2,165
17.8,166
15.8,167
19.7,168
14.3,169
17.9,170
15.9,171
19.8,172
15.8,173
14.4,174
16.3,175
16.4,176
16.4,177
14.2,178
14.2,179
14.6,180
16.2,181
15.1,182
15.7,183
16.5,184
15.3,185
17.8,186
16.3,187
17.6,188
18.2,189
20.1,190
23.1,191
20.7,192
19.4,193
20.8,194
22.1,195
22.7,196
23.6,197
23.6,198
22.1,199
20.3,200
21.3,201
19.6,202
19.7,203
17.4,204
17.4,205
17.4,206
18.7,207
19.4,208
22.1,209
23.6,210
22.6,211
21.8,212
23.1,213
20.5,214
20.8,215
21.0,216
19.1,217
18.3,218
19.3,219
22.3,220
21.2,221
22.0,222
24.0,223
23.6,224
23.2,225
23.8,226
24.0,227
22.9,228
22.3,229
21.3,230
20.4,231
22.2,232
21.7,233
22.7,234
22.7,235
22.2,236
21.4,237
21.3,238
20.9,239
20.3,240
21.0,241
20.3,242
21.3,243
18.1,244
17.9,245
19.0,246
19.9,247
21.1,248
17.9,249
19.8,250
20.8,251
20.4,252
16.6,253
16.5,254
17.2,255
17.9,256
13.3,257
9.9,258
11.6,259
13.3,260
11.3,261
10.7,262
8.9,263
8.0,264
8.1,265
6.7,266
11.1,267
8.2,268
5.9,269
6.3,270
9.2,271
13.3,272
13.8,273
8.3,274
6.9,275
7.4,276
7.9,277
5.7,278
4.0,279
3.8,280
4.7,281
4.1,282
2.4,283
3.1,284
3.4,285
4.5,286
4.0,287
3.9,288
2.7,289
2.4,290
0.1,291
-1.9,292
-0.2,293
1.1,294
3.2,295
4.7,296
6.3,297
6.8,298
6.1,299
5.9,300
3.4,301
1.9,302
2.2,303
1.8,304
1.6,305
0.6,306
-2.3,307
-0.9,308
-2.1,309
3.0,310
2.2,311
1.7,312
1.4,313
-1.6,314
-5.4,315
-6.6,316
0.7,317
2.9,318
5.1,319
3.9,320
2.9,321
3.3,322
-0.7,323
0.2,324
0.1,325
-0.8,326
0.8,327
2.4,328
5.7,329
5.2,330
1.9,331
1.6,332
-0.6,333
-1.2,334
-1.2,335
1.0,336
1.4,337
-0.4,338
-0.3,339
-0.8,340
-2.6,341
-4.9,342
-6.1,343
-2.2,344
-3.4,345
-3.2,346
0.3,347
-1.1,348
-0.4,349
-1.4,350
-2.7,351
-3.8,352
-2.0,353
1.8,354
-4.4,355
-10.4,356
-12.0,357
-12.2,358
-4.8,359
-3.6,360
-2.2,361
-2.6,362
-7.0,363
-11.1,364
-16.1,365
-6.9,1
-9.1,2
-16.6,3
-17.8,4
-20.6,5
-18.6,6
-9.5,7
-7.7,8
-2.6,9
-10.6,10
-6.1,11
-0.9,12
0.4,13
2.9,14
4.1,15
3.4,16
5.4,17
3.9,18
3.1,19
1.5,20
3.0,21
2.2,22
1.3,23
-3.4,24
3.9,25
3.6,26
0.1,27
0.2,28
-5.2,29
-7.7,30
-11.7,31
-7.7,32
-1.9,33
-1.5,34
-1.5,35
-7.6,36
-10.2,37
-12.7,38
-2.9,39
-1.5,40
-3.3,41
-3.6,42
-0.5,43
-0.3,44
-0.7,45
-3.2,46
-5.9,47
-4.4,48
-3.6,49
-2.7,50
-3.7,51
-1.9,52
-2.0,53
-1.5,54
-2.4,55
-5.2,56
-5.1,57
-3.7,58
-4.9,59
-4.7,60
-3.6,61
-3.1,62
-2.7,63
-0.5,64
-0.1,65
0.8,66
0.7,67
2.1,68
5.5,69
6.0,70
3.3,71
3.4,72
5.4,73
6.1,74
5.3,75
6.6,76
6.0,77
6.2,78
-1.9,79
-1.3,80
3.9,81
6.9,82
5.8,83
5.4,84
5.7,85
8.4,86
6.3,87
8.9,88
7.8,89
1.3,90
1.7,91
2.2,92
1.2,93
3.1,94
1.0,95
-0.5,96
-0.4,97
-0.8,98
1.6,99
0.8,100
1.3,101
2.1,102
5.9,103
6.0,104
8.1,105
11.6,106
8.4,107
5.9,108
7.3,109
10.4,110
11.2,111
12.7,112
8.4,113
5.2,114
3.9,115
5.8,116
4.2,117
3.6,118
3.6,119
13.1,120
5.9,121
7.0,122
4.5,123
4.0,124
9.3,125
9.5,126
11.8,127
11.6,128
13.3,129
12.2,130
13.2,131
12.3,132
12.1,133
11.5,134
11.1,135
11.0,136
11.8,137
14.8,138
13.9,139
13.6,140
13.4,141
12.7,142
11.9,143
14.6,144
17.8,145
17.1,146
15.3,147
14.6,148
15.9,149
16.8,150
12.8,151
13.2,152
17.2,153
18.1,154
20.4,155
21.7,156
19.4,157
18.6,158
19.4,159
15.3,160
16.1,161
13.0,162
17.1,163
14.1,164
14.6,165
14.6,166
12.9,167
15.5,168
16.8,169
13.8,170
12.8,171
14.9,172
16.7,173
17.7,174
13.7,175
18.9,176
20.3,177
20.2,178
19.3,179
14.0,180
16.3,181
15.1,182
16.7,183
15.5,184
18.3,185
17.2,186
19.9,187
20.1,188
20.2,189
19.6,190
18.5,191
21.3,192
17.3,193
21.6,194
22.9,195
24.1,196
25.3,197
24.9,198
25.4,199
24.3,200
24.3,201
24.1,202
20.6,203
21.6,204
21.8,205
21.6,206
22.2,207
22.8,208
21.8,209
20.2,210
24.1,211
24.7,212
25.3,213
23.2,214
22.2,215
21.2,216
20.1,217
21.5,218
20.8,219
20.0,220
19.4,221
19.0,222
19.1,223
21.2,224
18.8,225
17.8,226
14.9,227
16.6,228
18.9,229
20.4,230
17.3,231
18.6,232
17.7,233
16.9,234
17.8,235
18.9,236
15.6,237
13.8,238
12.3,239
13.0,240
13.6,241
13.2,242
11.9,243
9.3,244
10.2,245
13.9,246
15.9,247
16.1,248
17.3,249
17.2,250
16.1,251
16.5,252
14.2,253
13.7,254
12.7,255
15.3,256
16.7,257
16.6,258
16.3,259
13.4,260
18.6,261
14.8,262
10.7,263
15.1,264
15.9,265
13.4,266
8.9,267
13.3,268
14.3,269
12.6,270
10.1,271
8.4,272
6.9,273
9.3,274
9.9,275
10.7,276
11.1,277
9.8,278
6.6,279
5.7,280
5.8,281
6.8,282
8.1,283
7.9,284
7.1,285
5.7,286
6.4,287
5.2,288
3.5,289
4.8,290
3.6,291
0.7,292
0.2,293
0.9,294
-1.4,295
-3.4,296
0.1,297
1.2,298
-0.7,299
0.3,300
9.4,301
6.8,302
5.4,303
5.5,304
6.9,305
7.4,306
8.1,307
7.7,308
5.8,309
7.8,310
4.1,311
2.1,312
2.9,313
5.3,314
3.9,315
1.9,316
1.5,317
3.9,318
4.9,319
6.7,320
4.4,321
1.1,322
4.9,323
1.1,324
1.8,325
3.3,326
2.4,327
-0.9,328
1.1,329
5.2,330
7.0,331
6.7,332
3.7,333
5.8,334
6.7,335
5.9,336
5.1,337
5.2,338
2.9,339
-1.6,340
0.4,341
3.5,342
1.2,343
2.8,344
2.2,345
-1.2,346
-0.2,347
2.4,348
-0.3,349
-2.9,350
1.5,351
4.8,352
5.7,353
0.6,354
0.3,355
-6.1,356
-10.8,357
-0.8,358
6.0,359
4.4,360
5.2,361
3.3,362
-0.3,363
-5.3,364
-6.2,365
-4.1,1
-9.7,2
-8.6,3
-4.7,4
-5.1,5
-2.4,6
0.9,7
1.0,8
0.3,9
-3.7,10
-1.7,11
0.5,12
1.9,13
0.9,14
-0.1,15
-2.4,16
-4.8,17
-4.1,18
10.0,19
-4.9,20
-11.4,21
-12.7,22
-4.7,23
-1.4,24
-2.6,25
-5.7,26
-5.2,27
-3.4,28
-2.1,29
-2.9,30
0.3,31
-2.9,32
-3.3,33
1.9,34
5.7,35
3.6,36
2.9,37
-1.6,38
-1.8,39
-6.7,40
-7.7,41
-10.9,42
-7.8,43
0.8,44
1.5,45
0.8,46
-1.1,47
0.9,48
-1.5,49
-3.3,50
0.8,51
1.1,52
-1.1,53
-3.6,54
-3.3,55
-0.4,56
-2.3,57
-2.5,58
-0.9,59
-3.8,60
0.5,61
0.8,62
-2.7,63
-3.8,64
-5.5,65
-1.4,66
-0.1,67
0.1,68
0.2,69
-0.4,70
-0.6,71
0.1,72
0.9,73
2.1,74
4.2,75
5.5,76
6.2,77
6.3,78
3.2,79
3.4,80
1.7,81
1.7,82
-0.2,83
-0.7,84
-0.2,85
0.4,86
2.3,87
3.9,88
4.7,89
5.9,90
4.9,91
1.4,92
0.3,93
2.9,94
3.9,95
5.6,96
5.3,97
4.2,98
5.9,99
8.1,100
5.8,101
5.1,102
4.3,103
5.8,104
8.3,105
9.7,106
9.3,107
10.1,108
10.1,109
10.0,110
8.2,111
7.6,112
5.7,113
5.3,114
7.2,115
6.8,116
7.4,117
7.3,118
7.2,119
8.2,120
9.3,121
10.6,122
12.6,123
10.7,124
10.4,125
15.0,126
16.5,127
16.8,128
16.8,129
17.4,130
9.3,131
8.8,132
6.5,133
7.1,134
10.7,135
10.3,136
9.6,137
13.1,138
15.1,139
9.9,140
9.6,141
8.4,142
7.1,143
5.5,144
7.4,145
7.2,146
8.7,147
10.2,148
12.7,149
10.2,150
9.9,151
12.5,152
14.4,153
16.0,154
17.8,155
17.9,156
15.7,157
16.2,158
13.8,159
10.5,160
14.2,161
11.7,162
15.7,163
12.9,164
15.6,165
15.7,166
12.6,167
12.8,168
11.7,169
12.1,170
12.2,171
12.3,172
14.1,173
14.2,174
14.7,175
14.3,176
15.0,177
14.4,178
15.6,179
14.9,180
16.3,181
17.6,182
16.7,183
14.9,184
15.9,185
16.1,186
14.7,187
14.8,188
16.5,189
16.9,190
17.1,191
16.9,192
14.6,193
15.3,194
15.4,195
13.9,196
15.7,197
16.1,198
17.8,199
17.3,200
17.7,201
17.3,202
16.9,203
19.7,204
18.8,205
19.2,206
16.7,207
15.1,208
17.5,209
19.1,210
19.8,211
17.9,212
19.3,213
18.5,214
19.1,215
18.7,216
21.4,217
22.6,218
22.8,219
23.1,220
23.4,221
23.3,222
20.9,223
23.0,224
19.4,225
16.4,226
15.2,227
17.2,228
16.7,229
18.3,230
17.6,231
18.3,232
19.6,233
18.2,234
14.5,235
13.1,236
13.8,237
15.8,238
14.2,239
14.7,240
16.2,241
15.5,242
16.4,243
16.7,244
15.7,245
15.7,246
17.2,247
15.8,248
18.1,249
15.7,250
13.8,251
10.9,252
12.3,253
15.3,254
16.3,255
16.2,256
16.3,257
13.8,258
13.3,259
9.2,260
12.8,261
12.9,262
13.1,263
12.2,264
11.6,265
10.6,266
10.6,267
10.9,268
11.7,269
11.1,270
12.6,271
11.3,272
9.2,273
8.7,274
7.4,275
8.2,276
10.1,277
10.7,278
10.6,279
9.8,280
10.4,281
8.6,282
6.2,283
4.3,284
2.2,285
3.7,286
4.8,287
6.6,288
7.6,289
8.8,290
8.7,291
9.2,292
7.6,293
5.9,294
8.1,295
8.7,296
8.9,297
7.8,298
8.7,299
10.1,300
5.7,301
3.4,302
6.2,303
6.7,304
5.4,305
3.0,306
2.9,307
6.3,308
7.6,309
7.2,310
4.7,311
3.5,312
5.1,313
2.5,314
6.2,315
4.9,316
7.8,317
3.3,318
3.6,319
8.6,320
2.8,321
-1.4,322
-0.2,323
-5.8,324
-7.8,325
-7.0,326
-3.8,327
-1.1,328
-4.8,329
1.5,330
-3.3,331
-3.4,332
-0.2,333
-2.5,334
0.4,335
3.0,336
1.4,337
1.4,338
2.4,339
6.6,340
2.2,341
6.4,342
4.6,343
1.6,344
4.7,345
1.6,346
0.7,347
-0.7,348
2.2,349
4.3,350
3.8,351
4.6,352
2.6,353
-2.1,354
-4.2,355
-4.8,356
1.4,357
1.3,358
-1.4,359
0.1,360
-1.6,361
-3.4,362
-2.4,363
-1.5,364
3.8,365
-0.5,1
3.1,2
1.6,3
0.1,4
2.5,5
2.8,6
7.6,7
6.3,8
3.8,9
5.8,10
6.1,11
5.9,12
4.8,13
1.2,14
-2.1,15
2.6,16
3.3,17
3.8,18
0.4,19
0.8,20
0.1,21
-2.9,22
-2.0,23
-2.1,24
-2.2,25
-4.1,26
-4.6,27
-5.7,28
-5.9,29
-0.8,30
1.0,31
1.2,32
0.3,33
-0.6,34
1.7,35
3.5,36
0.8,37
-1.3,38
-2.3,39
-0.5,40
1.8,41
0.8,42
10.0,43
-0.8,44
-1.9,45
-3.7,46
-4.3,47
-4.7,48
-1.0,49
1.2,50
0.6,51
-1.1,52
-6.3,53
-5.6,54
-5.1,55
-6.2,56
-5.4,57
-7.5,58
-10.7,59
-11.9,60
-12.5,61
-9.2,62
-5.9,63
-6.9,64
-6.3,65
10.0,66
-1.2,67
-5.4,68
-1.4,69
-0.1,70
-6.6,71
-7.5,72
-6.3,73
-6.5,74
-0.8,75
0.6,76
-4.4,77
-5.7,78
-4.2,79
-1.8,80
2.5,81
4.2,82
4.9,83
6.1,84
4.9,85
2.4,86
2.7,87
2.7,88
2.4,89
4.4,90
6.3,91
7.8,92
7.8,93
9.4,94
8.0,95
7.1,96
5.1,97
5.8,98
3.7,99
5.5,100
9.9,101
9.9,102
7.4,103
5.6,104
7.1,105
7.3,106
7.1,107
4.8,108
3.2,109
1.9,110
3.1,111
3.0,112
4.5,113
4.6,114
6.3,115
6.4,116
6.9,117
8.1,118
9.8,119
8.7,120
8.7,121
8.1,122
8.1,123
8.3,124
8.9,125
9.8,126
8.3,127
8.4,128
7.2,129
8.3,130
9.8,131
11.9,132
10.7,133
10.6,134
12.7,135
9.7,136
8.2,137
7.9,138
8.7,139
10.7,140
12.1,141
13.1,142
14.4,143
14.1,144
13.1,145
15.3,146
17.1,147
11.3,148
13.2,149
11.3,150
8.6,151
10.5,152
11.2,153
10.8,154
12.5,155
12.2,156
11.5,157
11.2,158
12.1,159
15.4,160
12.7,161
12.3,162
12.8,163
12.4,164
15.4,165
17.2,166
19.6,167
18.9,168
18.2,169
17.8,170
18.7,171
20.7,172
17.2,173
19.9,174
21.1,175
13.7,176
15.4,177
15.9,178
14.3,179
11.8,180
14.4,181
17.0,182
18.4,183
19.3,184
20.1,185
20.7,186
21.6,187
22.2,188
22.7,189
20.9,190
21.9,191
23.1,192
25.3,193
21.9,194
19.2,195
19.1,196
18.7,197
17.9,198
18.9,199
18.6,200
16.7,201
16.1,202
15.9,203
15.9,204
17.1,205
17.2,206
16.9,207
17.2,208
18.1,209
18.2,210
17.3,211
16.1,212
15.8,213
16.7,214
17.4,215
16.7,216
16.0,217
15.9,218
15.2,219
15.7,220
18.7,221
17.0,222
15.9,223
18.1,224
17.2,225
17.2,226
16.8,227
16.7,228
15.9,229
17.6,230
18.4,231
19.3,232
17.4,233
15.6,234
15.9,235
18.0,236
17.3,237
14.9,238
13.9,239
14.7,240
17.8,241
16.3,242
16.2,243
15.4,244
15.8,245
15.4,246
13.6,247
15.9,248
16.9,249
18.1,250
18.8,251
14.0,252
11.8,253
10.5,254
11.8,255
11.2,256
15.1,257
9.7,258
6.9,259
7.8,260
11.3,261
14.8,262
15.1,263
12.8,264
12.8,265
13.8,266
14.7,267
14.3,268
15.0,269
14.3,270
13.2,271
10.6,272
10.2,273
12.1,274
12.4,275
11.1,276
10.4,277
10.5,278
10.3,279
10.3,280
12.6,281
12.9,282
10.9,283
12.8,284
12.4,285
11.5,286
9.6,287
7.6,288
6.1,289
4.4,290
4.0,291
3.7,292
6.0,293
10.0,294
8.6,295
4.0,296
0.5,297
2.7,298
6.4,299
3.2,300
8.1,301
8.8,302
8.6,303
8.9,304
7.7,305
8.3,306
8.2,307
10.4,308
9.6,309
9.3,310
9.5,311
7.9,312
8.4,313
8.3,314
7.6,315
9.8,316
8.3,317
8.3,318
6.4,319
-0.9,320
-1.9,321
-2.9,322
-0.7,323
0.1,324
-1.6,325
1.1,326
3.6,327
4.4,328
3.0,329
1.1,330
-0.6,331
-1.0,332
-1.8,333
-1.5,334
-2.9,335
1.3,336
1.6,337
1.6,338
2.6,339
3.6,340
3.2,341
0.1,342
-0.9,343
-0.1,344
5.8,345
4.6,346
2.6,347
-0.3,348
0.4,349
-3.2,350
-6.1,351
-5.7,352
-6.3,353
-1.6,354
-1.4,355
1.5,356
0.9,357
1.2,358
-0.8,359
-2.3,360
-2.7,361
-2.1,362
-0.9,363
-0.5,364
-2.7,365
-2.9,1
-8.1,2
-8.5,3
-6.8,4
-1.3,5
-0.3,6
-1.3,7
-2.2,8
-5.6,9
-1.8,10
2.4,11
3.4,12
1.1,13
-2.4,14
-0.9,15
-0.6,16
-0.1,17
-3.7,18
-8.5,19
-8.3,20
-7.9,21
-12.0,22
-5.3,23
-2.9,24
-0.8,25
-3.2,26
-5.0,27
-3.2,28
0.6,29
3.0,30
3.6,31
4.2,32
1.2,33
-2.1,34
-10.1,35
-13.5,36
-7.0,37
-1.3,38
-2.4,39
-1.3,40
-4.1,41
-7.6,42
-2.9,43
-7.3,44
-5.3,45
-0.6,46
-1.3,47
-3.8,48
-2.1,49
0.3,50
-0.9,51
-3.1,52
-3.3,53
-1.1,54
-3.6,55
-0.9,56
-5.3,57
-5.4,58
-3.0,59
-2.1,60
-4.3,61
-5.8,62
-4.9,63
-6.7,64
-6.9,65
-11.2,66
-7.2,67
-10.7,68
-10.1,69
-8.2,70
-5.2,71
-7.2,72
-2.6,73
-1.3,74
-2.4,75
-3.0,76
-0.2,77
-0.2,78
-4.8,79
-5.6,80
-4.3,81
-4.7,82
-3.9,83
-4.1,84
-1.3,85
0.4,86
3.0,87
4.1,88
4.0,89
0.1,90
-0.7,91
0.9,92
2.8,93
2.3,94
1.1,95
2.3,96
4.6,97
4.3,98
3.9,99
1.9,100
3.2,101
3.6,102
3.7,103
4.7,104
7.1,105
6.6,106
6.5,107
6.0,108
6.9,109
3.5,110
5.0,111
5.6,112
7.2,113
8.9,114
9.0,115
8.4,116
9.6,117
7.3,118
7.5,119
8.4,120
8.8,121
8.4,122
9.6,123
11.6,124
13.0,125
14.0,126
16.2,127
16.8,128
16.1,129
12.2,130
14.3,131
14.9,132
12.1,133
10.1,134
8.6,135
7.2,136
7.6,137
8.3,138
8.8,139
9.2,140
11.8,141
12.3,142
12.2,143
11.4,144
9.3,145
8.5,146
10.1,147
10.7,148
10.2,149
9.0,150
9.6,151
11.2,152
14.8,153
15.7,154
12.4,155
12.6,156
11.2,157
10.5,158
14.7,159
17.4,160
16.9,161
20.3,162
22.8,163
23.7,164
18.5,165
14.4,166
19.0,167
20.2,168
20.1,169
19.5,170
18.7,171
17.8,172
17.5,173
15.1,174
16.4,175
18.2,176
16.6,177
14.4,178
14.7,179
17.4,180
19.7,181
20.1,182
21.0,183
22.2,184
22.8,185
21.6,186
23.9,187
24.7,188
22.6,189
21.2,190
21.2,191
20.3,192
19.4,193
19.5,194
17.9,195
16.3,196
19.1,197
21.2,198
18.2,199
15.8,200
17.4,201
20.5,202
20.4,203
20.4,204
22.2,205
23.2,206
21.2,207
21.2,208
22.4,209
19.4,210
20.2,211
20.7,212
20.5,213
19.1,214
18.4,215
19.2,216
19.9,217
21.6,218
21.9,219
19.7,220
20.1,221
19.4,222
18.9,223
20.3,224
18.4,225
19.3,226
17.5,227
17.6,228
18.8,229
19.3,230
19.0,231
18.3,232
17.0,233
18.3,234
17.5,235
19.1,236
16.8,237
16.7,238
18.3,239
16.8,240
15.8,241
16.6,242
17.7,243
17.2,244
16.9,245
16.7,246
16.1,247
15.9,248
14.8,249
13.2,250
10.9,251
14.6,252
13.8,253
13.7,254
16.4,255
15.8,256
15.2,257
12.1,258
10.7,259
11.4,260
12.8,261
15.4,262
15.4,263
16.5,264
16.4,265
16.6,266
15.3,267
14.5,268
17.1,269
16.8,270
14.8,271
15.7,272
13.1,273
14.0,274
11.7,275
12.9,276
11.9,277
11.6,278
11.7,279
14.2,280
13.1,281
8.7,282
11.8,283
10.9,284
9.2,285
7.5,286
10.3,287
9.3,288
9.6,289
9.6,290
8.3,291
10.0,292
9.9,293
10.8,294
12.2,295
12.1,296
11.0,297
4.9,298
7.8,299
9.5,300
3.2,301
0.1,302
3.6,303
6.1,304
-1.2,305
-3.6,306
-1.4,307
1.4,308
2.7,309
6.3,310
8.3,311
2.3,312
1.4,313
1.2,314
4.4,315
1.9,316
1.1,317
5.7,318
5.4,319
6.2,320
8.8,321
8.9,322
6.0,323
5.1,324
6.4,325
6.7,326
5.3,327
7.4,328
7.3,329
9.1,330
7.6,331
7.0,332
7.7,333
9.8,334
8.6,335
7.7,336
6.6,337
6.9,338
8.3,339
9.2,340
6.9,341
7.7,342
8.1,343
4.8,344
5.9,345
5.6,346
5.8,347
9.1,348
8.3,349
4.7,350
-0.8,351
-0.8,352
-0.4,353
2.8,354
0.9,355
4.7,356
4.8,357
5.6,358
0.4,359
3.8,360
3.8,361
3.3,362
0.2,363
4.1,364
5.4,365
5.1,1
3.2,2
1.3,3
5.8,4
3.1,5
1.9,6
4.1,7
6.3,8
7.1,9
6.3,10
0.5,11
1.6,12
2.5,13
3.5,14
4.2,15
6.4,16
1.9,17
4.2,18
-1.7,19
-3.4,20
-1.8,21
-7.3,22
-7.7,23
-6.8,24
-7.9,25
-2.3,26
-5.9,27
-7.5,28
-4.2,29
-2.2,30
1.4,31
-0.1,32
1.8,33
2.5,34
0.9,35
-1.7,36
-6.0,37
-9.2,38
-3.6,39
-5.7,40
-9.9,41
-8.7,42
-2.4,43
-1.2,44
-0.7,45
-0.4,46
0.8,47
2.6,48
-0.1,49
-2.3,50
-8.0,51
-12.7,52
-7.5,53
-5.7,54
-2.3,55
-1.4,56
-0.6,57
-1.2,58
-0.9,59
1.6,60
1.8,61
0.6,62
0.5,63
1.7,64
2.1,65
3.3,66
3.6,67
3.9,68
5.4,69
6.6,70
7.9,71
7.7,72
6.7,73
7.6,74
7.4,75
4.7,76
3.1,77
2.5,78
2.3,79
0.9,80
1.2,81
3.3,82
2.7,83
4.0,84
5.9,85
7.1,86
7.1,87
7.9,88
8.5,89
5.6,90
5.3,91
8.8,92
3.8,93
5.8,94
6.8,95
3.4,96
2.8,97
1.7,98
0.7,99
2.4,100
9.8,101
6.8,102
9.9,103
11.6,104
14.1,105
14.6,106
9.1,107
6.1,108
4.3,109
4.7,110
3.9,111
5.2,112
8.4,113
8.8,114
13.4,115
15.1,116
14.6,117
7.7,118
8.7,119
5.4,120
6.2,121
7.3,122
8.9,123
9.2,124
8.3,125
12.1,126
9.4,127
10.0,128
9.1,129
8.6,130
9.4,131
7.3,132
7.7,133
10.9,134
12.2,135
10.2,136
9.4,137
12.1,138
12.6,139
15.4,140
13.1,141
10.5,142
13.6,143
15.4,144
16.2,145
16.8,146
16.1,147
11.0,148
12.6,149
13.8,150
11.3,151
12.8,152
13.1,153
13.6,154
15.8,155
18.1,156
20.2,157
19.5,158
21.9,159
22.2,160
21.4,161
20.1,162
17.2,163
15.3,164
13.1,165
13.8,166
14.1,167
12.8,168
13.6,169
14.2,170
16.6,171
15.5,172
16.1,173
14.7,174
17.4,175
17.8,176
18.8,177
12.7,178
16.4,179
15.7,180
14.8,181
15.8,182
17.9,183
18.9,184
17.6,185
19.6,186
18.2,187
16.0,188
14.1,189
14.2,190
16.2,191
15.9,192
14.4,193
15.7,194
18.4,195
18.2,196
19.9,197
18.9,198
19.1,199
15.8,200
15.9,201
16.4,202
17.6,203
16.0,204
16.9,205
17.7,206
18.9,207
16.7,208
16.7,209
15.0,210
14.9,211
17.0,212
18.8,213
18.1,214
16.0,215
17.4,216
19.8,217
20.4,218
20.0,219
20.3,220
21.2,221
19.9,222
21.8,223
21.3,224
20.4,225
18.1,226
18.7,227
19.7,228
17.2,229
16.0,230
16.1,231
17.3,232
19.6,233
19.1,234
18.5,235
20.4,236
19.3,237
15.3,238
12.7,239
12.0,240
11.2,241
9.8,242
10.5,243
12.4,244
15.2,245
12.1,246
8.2,247
11.4,248
14.2,249
11.5,250
12.3,251
12.1,252
12.9,253
12.9,254
12.4,255
9.9,256
11.3,257
10.6,258
9.4,259
14.3,260
9.9,261
9.8,262
12.6,263
14.3,264
12.9,265
12.4,266
14.9,267
14.8,268
10.8,269
9.2,270
10.0,271
12.8,272
14.2,273
13.0,274
10.6,275
9.6,276
8.3,277
9.4,278
9.5,279
10.2,280
9.1,281
6.3,282
5.8,283
4.1,284
4.7,285
1.9,286
8.3,287
11.2,288
11.3,289
10.2,290
4.6,291
4.4,292
3.9,293
5.6,294
7.4,295
6.1,296
4.2,297
3.1,298
5.2,299
8.7,300
9.6,301
8.7,302
7.9,303
4.4,304
10.3,305
3.2,306
3.1,307
2.3,308
3.4,309
5.7,310
1.6,311
2.4,312
5.2,313
-0.9,314
10.0,315
1.7,316
0.6,317
-0.3,318
-0.4,319
1.6,320
1.3,321
4.7,322
3.0,323
0.7,324
3.9,325
4.8,326
3.4,327
-2.1,328
2.1,329
-0.1,330
-1.2,331
-1.7,332
3.6,333
2.8,334
4.1,335
5.6,336
3.9,337
1.4,338
3.8,339
8.1,340
6.3,341
4.2,342
2.9,343
4.6,344
2.6,345
10.0,346
-2.0,347
-0.9,348
-2.6,349
-1.4,350
-3.8,351
-3.1,352
-3.4,353
-0.7,354
-1.7,355
-2.6,356
0.1,357
2.6,358
3.7,359
3.8,360
4.2,361
5.8,362
6.1,363
3.7,364
0.6,365
1.4,1
0.7,2
-0.9,3
-1.6,4
-1.3,5
0.6,6
1.9,7
2.7,8
2.8,9
2.9,10
5.3,11
4.2,12
2.9,13
4.6,14
4.4,15
5.1,16
5.1,17
3.8,18
5.4,19
3.6,20
1.5,21
-0.8,22
-2.4,23
4.5,24
4.4,25
2.9,26
1.0,27
0.7,28
5.9,29
2.7,30
1.2,31
3.1,32
1.6,33
0.8,34
2.2,35
2.9,36
3.8,37
2.8,38
3.6,39
5.3,40
3.8,41
1.6,42
-0.6,43
3.2,44
-0.7,45
-3.6,46
-2.7,47
4.3,48
4.8,49
0.9,50
0.3,51
3.3,52
7.0,53
4.7,54
7.1,55
5.3,56
3.9,57
5.4,58
3.3,59
3.8,60
2.6,61
1.4,62
0.6,63
-0.7,64
-0.3,65
4.1,66
2.6,67
5.3,68
5.4,69
5.4,70
5.1,71
4.8,72
3.3,73
2.5,74
1.6,75
2.6,76
1.1,77
0.3,78
-0.6,79
-2.1,80
-2.6,81
-4.4,82
-5.5,83
-3.4,84
-0.3,85
-0.7,86
0.7,87
1.1,88
4.9,89
6.8,90
8.6,91
7.5,92
7.4,93
4.4,94
5.7,95
7.6,96
5.8,97
5.9,98
2.4,99
1.6,100
3.6,101
2.6,102
4.2,103
2.9,104
4.8,105
5.5,106
5.8,107
5.5,108
6.1,109
5.2,110
6.3,111
7.7,112
6.2,113
8.0,114
11.1,115
11.4,116
11.3,117
12.3,118
13.4,119
13.9,120
13.2,121
11.3,122
10.3,123
12.4,124
13.9,125
11.4,126
10.9,127
12.6,128
12.8,129
15.1,130
17.4,131
18.8,132
9.1,133
7.0,134
5.7,135
6.9,136
6.8,137
7.6,138
5.2,139
7.7,140
7.4,141
8.7,142
10.8,143
10.8,144
11.2,145
12.3,146
14.1,147
12.7,148
13.8,149
17.2,150
18.9,151
18.3,152
18.8,153
18.7,154
16.7,155
16.5,156
18.3,157
20.3,158
18.3,159
21.3,160
19.2,161
18.6,162
12.5,163
11.4,164
13.7,165
12.1,166
13.2,167
13.1,168
13.7,169
15.2,170
16.6,171
16.2,172
13.8,173
15.8,174
15.6,175
14.9,176
14.4,177
16.3,178
16.8,179
16.3,180
17.1,181
15.5,182
18.1,183
17.5,184
18.9,185
21.7,186
17.3,187
13.8,188
12.0,189
13.0,190
16.1,191
19.2,192
17.8,193
18.9,194
17.7,195
17.1,196
19.2,197
18.4,198
15.0,199
16.1,200
17.7,201
19.1,202
17.0,203
17.9,204
19.6,205
21.2,206
21.1,207
22.9,208
22.9,209
21.9,210
20.5,211
19.5,212
22.6,213
21.6,214
18.3,215
17.9,216
17.0,217
13.3,218
15.0,219
15.9,220
16.2,221
15.2,222
15.6,223
17.4,224
18.0,225
18.9,226
17.1,227
17.0,228
15.9,229
14.3,230
15.0,231
17.1,232
17.6,233
16.2,234
14.8,235
14.3,236
14.1,237
15.0,238
14.3,239
16.2,240
15.5,241
11.7,242
13.2,243
11.4,244
12.1,245
14.7,246
16.4,247
15.4,248
15.3,249
12.3,250
13.7,251
12.7,252
10.7,253
11.7,254
11.2,255
9.2,256
8.3,257
9.9,258
8.9,259
9.2,260
8.6,261
8.5,262
10.1,263
11.6,264
9.4,265
10.7,266
11.8,267
11.0,268
10.6,269
9.3,270
11.8,271
11.1,272
7.5,273
7.9,274
9.1,275
7.7,276
7.0,277
7.8,278
8.2,279
8.0,280
5.2,281
6.1,282
8.7,283
10.8,284
13.0,285
11.2,286
11.2,287
11.1,288
7.2,289
9.0,290
6.6,291
7.0,292
8.5,293
9.1,294
10.5,295
8.6,296
8.1,297
10.2,298
9.1,299
9.4,300
7.4,301
3.7,302
2.3,303
2.2,304
4.3,305
-0.1,306
2.1,307
4.3,308
4.7,309
2.1,310
2.3,311
5.2,312
7.6,313
8.4,314
7.2,315
5.3,316
6.6,317
5.4,318
5.4,319
8.5,320
3.3,321
0.4,322
2.7,323
1.6,324
0.1,325
-2.1,326
-2.2,327
-2.9,328
-2.0,329
-1.5,330
-0.6,331
7.2,332
6.3,333
4.8,334
3.9,335
2.7,336
5.2,337
2.9,338
1.3,339
2.6,340
3.8,341
0.8,342
2.1,343
3.1,344
0.8,345
1.4,346
3.2,347
0.1,348
3.3,349
2.5,350
2.8,351
4.6,352
3.4,353
4.3,354
3.1,355
1.9,356
3.5,357
-0.8,358
-3.4,359
-3.2,360
-0.6,361
-1.7,362
-5.3,363
-4.0,364
-1.4,365
-5.9,1
-6.2,2
-5.0,3
-11.3,4
-9.4,5
-1.9,6
-6.6,7
-3.9,8
1.7,9
0.7,10
3.2,11
5.8,12
5.0,13
1.8,14
-2.9,15
-7.9,16
-5.3,17
-0.6,18
0.3,19
1.5,20
0.1,21
0.7,22
1.2,23
2.2,24
2.3,25
1.2,26
10.0,27
0.6,28
-0.9,29
-1.4,30
-2.9,31
-5.1,32
-4.5,33
-4.2,34
-1.0,35
-0.2,36
0.8,37
1.3,38
1.2,39
-2.3,40
-3.2,41
-1.1,42
-1.8,43
-3.3,44
-6.2,45
-3.7,46
-3.9,47
-4.1,48
-4.7,49
-4.2,50
-4.8,51
-4.8,52
-0.2,53
-1.6,54
-0.3,55
1.0,56
2.0,57
-0.7,58
-4.1,59
-5.4,60
0.6,61
2.2,62
2.6,63
1.7,64
1.3,65
0.8,66
1.2,67
1.2,68
-0.8,69
-1.0,70
-0.4,71
1.2,72
1.9,73
2.2,74
1.9,75
3.6,76
2.1,77
-0.6,78
1.2,79
3.6,80
-0.1,81
-1.0,82
-3.5,83
-3.6,84
-1.9,85
10.0,86
1.8,87
1.8,88
4.2,89
7.1,90
5.3,91
7.3,92
7.6,93
8.2,94
5.8,95
8.5,96
4.7,97
4.9,98
7.1,99
8.7,100
10.7,101
8.5,102
8.2,103
7.9,104
6.8,105
4.8,106
7.6,107
4.1,108
7.7,109
4.9,110
2.5,111
5.7,112
8.8,113
12.1,114
12.4,115
13.1,116
12.8,117
13.0,118
10.1,119
8.2,120
9.3,121
11.4,122
11.9,123
9.2,124
8.4,125
8.3,126
9.8,127
11.3,128
11.1,129
12.4,130
9.3,131
9.3,132
10.8,133
8.8,134
9.9,135
9.7,136
10.4,137
8.9,138
10.3,139
12.6,140
12.7,141
10.8,142
11.6,143
13.4,144
16.3,145
16.0,146
15.3,147
10.9,148
14.1,149
16.6,150
18.5,151
17.9,152
10.0,153
9.9,154
7.1,155
7.3,156
8.1,157
10.2,158
10.2,159
11.4,160
11.1,161
14.0,162
12.2,163
11.8,164
10.4,165
9.6,166
12.6,167
13.1,168
12.4,169
13.4,170
12.6,171
14.3,172
15.1,173
17.3,174
18.7,175
18.9,176
19.4,177
19.5,178
21.4,179
21.8,180
20.8,181
20.7,182
22.8,183
20.1,184
17.9,185
14.3,186
14.2,187
15.4,188
17.2,189
14.6,190
15.5,191
16.2,192
16.9,193
17.3,194
17.3,195
19.7,196
20.2,197
19.7,198
19.5,199
19.3,200
17.6,201
15.9,202
17.6,203
18.5,204
18.6,205
17.9,206
16.8,207
17.6,208
18.2,209
17.6,210
17.3,211
15.8,212
16.2,213
17.3,214
18.5,215
18.4,216
19.3,217
20.9,218
21.0,219
20.2,220
20.0,221
20.2,222
17.8,223
15.9,224
14.4,225
14.4,226
15.4,227
18.0,228
17.0,229
14.8,230
13.8,231
16.6,232
17.6,233
16.4,234
14.3,235
15.3,236
16.8,237
16.9,238
17.9,239
18.9,240
15.5,241
14.5,242
15.1,243
18.5,244
16.4,245
15.7,246
15.1,247
14.8,248
13.8,249
15.1,250
17.1,251
18.1,252
13.7,253
12.8,254
13.7,255
12.7,256
13.2,257
12.1,258
10.7,259
10.5,260
12.5,261
13.0,262
13.4,263
13.8,264
14.6,265
14.7,266
10.2,267
11.5,268
15.1,269
14.7,270
11.7,271
7.3,272
7.2,273
4.7,274
4.1,275
5.9,276
8.0,277
6.3,278
6.8,279
11.3,280
7.3,281
4.9,282
2.6,283
5.4,284
4.6,285
2.8,286
2.7,287
3.3,288
2.1,289
4.6,290
3.9,291
4.8,292
5.6,293
7.1,294
6.8,295
5.6,296
6.5,297
7.1,298
8.7,299
7.1,300
4.6,301
2.9,302
3.5,303
3.5,304
5.4,305
6.4,306
6.2,307
2.7,308
3.9,309
6.3,310
6.7,311
5.3,312
4.3,313
2.6,314
2.3,315
0.9,316
0.6,317
5.2,318
7.6,319
6.9,320
7.2,321
7.1,322
5.6,323
9.8,324
8.9,325
6.1,326
7.4,327
6.8,328
6.2,329
7.2,330
6.1,331
4.8,332
3.1,333
6.6,334
1.7,335
-4.8,336
-0.9,337
2.9,338
5.2,339
3.9,340
4.6,341
4.1,342
3.3,343
2.4,344
1.7,345
0.9,346
1.6,347
-2.0,348
-1.9,349
-2.4,350
-5.4,351
-9.3,352
-6.4,353
-5.1,354
-9.4,355
-8.2,356
-2.4,357
-1.7,358
1.4,359
-2.1,360
-5.1,361
0.4,362
-9.2,363
-10.2,364
-7.9,365
-7.4,1
-9.2,2
-8.8,3
-7.1,4
-16.1,5
-15.8,6
-8.4,7
-12.8,8
-16.3,9
-8.4,10
-9.8,11
-9.2,12
-9.7,13
-6.4,14
-2.6,15
-1.5,16
-1.4,17
-1.4,18
-1.3,19
-2.1,20
-1.9,21
-3.2,22
-5.5,23
-6.2,24
-6.9,25
-10.2,26
-4.9,27
-5.6,28
-11.5,29
-14.1,30
-11.2,31
-3.3,32
-4.3,33
-0.9,34
-0.4,35
-1.7,36
-1.4,37
-4.8,38
-7.3,39
-4.3,40
-4.9,41
-8.4,42
-5.1,43
-5.2,44
-5.3,45
-6.9,46
-6.8,47
-4.4,48
-5.9,49
-8.9,50
-12.4,51
-14.5,52
-17.1,53
-10.4,54
-9.7,55
-5.9,56
0.4,57
0.9,58
1.3,59
-1.0,60
-5.7,61
-5.9,62
-6.0,63
-6.5,64
-9.9,65
-6.6,66
0.4,67
-0.8,68
1.0,69
-0.4,70
-0.2,71
-1.5,72
-2.7,73
-3.4,74
-4.9,75
-1.9,76
2.9,77
4.9,78
6.1,79
-0.3,80
-1.0,81
1.3,82
1.5,83
1.1,84
4.4,85
2.6,86
1.9,87
3.8,88
3.1,89
1.9,90
4.9,91
3.3,92
4.4,93
3.7,94
1.1,95
3.8,96
6.3,97
7.3,98
4.8,99
3.2,100
4.3,101
5.4,102
6.1,103
6.6,104
8.2,105
5.2,106
7.1,107
5.5,108
4.2,109
4.1,110
2.1,111
1.8,112
5.4,113
5.8,114
7.8,115
10.1,116
9.7,117
6.4,118
11.9,119
12.3,120
10.7,121
7.2,122
6.8,123
6.8,124
5.3,125
6.7,126
7.4,127
5.4,128
6.8,129
5.9,130
7.5,131
9.3,132
11.9,133
12.4,134
15.9,135
11.7,136
16.3,137
17.7,138
17.3,139
18.2,140
17.4,141
17.6,142
11.6,143
11.3,144
8.9,145
11.1,146
11.2,147
11.4,148
10.3,149
12.7,150
13.5,151
14.2,152
15.6,153
16.5,154
14.2,155
12.4,156
15.2,157
13.3,158
13.9,159
14.1,160
14.8,161
13.1,162
13.1,163
14.7,164
12.9,165
11.2,166
14.2,167
16.4,168
13.6,169
13.2,170
15.0,171
12.6,172
18.7,173
16.6,174
18.2,175
18.7,176
16.3,177
17.9,178
19.9,179
20.4,180
20.3,181
17.1,182
20.5,183
22.2,184
22.5,185
20.9,186
18.3,187
20.3,188
21.3,189
21.5,190
22.3,191
26.2,192
25.2,193
26.1,194
22.3,195
23.7,196
22.6,197
22.5,198
20.6,199
20.3,200
22.2,201
22.4,202
23.5,203
16.4,204
15.3,205
17.4,206
16.8,207
19.6,208
19.8,209
18.1,210
18.6,211
17.7,212
19.7,213
16.1,214
17.7,215
16.3,216
17.6,217
18.2,218
16.8,219
18.1,220
19.3,221
17.4,222
18.2,223
20.7,224
21.9,225
22.8,226
19.4,227
18.4,228
18.2,229
18.7,230
16.6,231
15.1,232
18.0,233
17.2,234
17.3,235
16.3,236
13.4,237
13.3,238
12.6,239
11.6,240
10.8,241
11.2,242
11.7,243
12.4,244
10.2,245
9.3,246
9.7,247
11.2,248
12.2,249
11.6,250
13.9,251
13.7,252
13.7,253
14.7,254
16.6,255
13.2,256
12.8,257
12.1,258
11.9,259
11.9,260
10.1,261
10.4,262
10.3,263
12.2,264
10.7,265
12.3,266
14.7,267
13.6,268
10.4,269
9.7,270
8.4,271
7.6,272
5.7,273
6.2,274
6.7,275
10.3,276
11.2,277
10.6,278
10.6,279
9.8,280
9.5,281
7.5,282
6.4,283
4.7,284
5.1,285
5.4,286
6.6,287
2.2,288
0.3,289
2.7,290
5.7,291
7.4,292
4.4,293
-0.1,294
1.3,295
3.4,296
2.7,297
0.3,298
0.6,299
3.6,300
8.8,301
8.9,302
9.5,303
8.5,304
6.9,305
4.9,306
8.6,307
6.7,308
2.8,309
1.3,310
-0.7,311
-2.9,312
0.9,313
1.0,314
1.1,315
3.9,316
3.1,317
4.9,318
2.9,319
-0.4,320
-1.1,321
0.3,322
0.2,323
0.5,324
1.4,325
0.3,326
-0.6,327
-2.3,328
-4.2,329
-7.7,330
-8.1,331
-6.8,332
-9.6,333
-9.7,334
-12.7,335
-11.1,336
-4.6,337
-6.7,338
-1.1,339
-1.5,340
-7.2,341
-7.7,342
-4.6,343
-7.8,344
-3.2,345
-8.3,346
-6.5,347
-4.4,348
-7.7,349
-2.9,350
-0.7,351
-4.2,352
-7.4,353
-7.1,354
-13.3,355
-18.0,356
-13.3,357
-11.2,358
-5.6,359
-6.7,360
-5.7,361
-5.8,362
-5.0,363
-7.4,364
-6.6,365
-1.8,1
-4.2,2
-7.9,3
-8.2,4
-1.0,5
-1.0,6
-0.4,7
-1.5,8
1.4,9
2.4,10
10.0,11
-0.6,12
-5.6,13
-8.1,14
-5.0,15
2.1,16
4.2,17
2.4,18
-1.4,19
-2.8,20
-2.2,21
-1.5,22
-5.3,23
-0.8,24
-2.3,25
-6.7,26
-8.8,27
-3.2,28
1.3,29
-0.3,30
0.2,31
2.6,32
2.7,33
3.1,34
1.2,35
0.7,36
1.1,37
0.6,38
0.9,39
-3.0,40
-3.2,41
-4.7,42
-8.3,43
-8.9,44
-13.9,45
-9.6,46
-4.7,47
-5.5,48
-9.8,49
-16.1,50
-11.9,51
-7.6,52
-10.3,53
-14.1,54
-10.9,55
-2.2,56
-0.1,57
-2.2,58
-2.3,59
-2.4,60
-2.7,61
-0.8,62
0.1,63
0.8,64
-2.8,65
-0.6,66
2.9,67
1.7,68
2.3,69
1.6,70
3.3,71
1.6,72
1.5,73
-0.7,74
-2.6,75
-0.4,76
0.1,77
0.4,78
1.7,79
4.7,80
8.3,81
6.2,82
3.6,83
-0.4,84
-1.1,85
0.8,86
0.3,87
-0.3,88
-0.4,89
0.4,90
2.3,91
4.9,92
6.3,93
6.6,94
7.3,95
8.7,96
8.7,97
6.6,98
7.6,99
7.8,100
10.1,101
5.2,102
4.7,103
7.4,104
7.4,105
10.2,106
10.8,107
10.9,108
7.2,109
9.8,110
11.4,111
10.6,112
10.2,113
10.9,114
13.8,115
10.9,116
10.4,117
9.6,118
10.4,119
8.1,120
4.8,121
3.8,122
2.9,123
4.3,124
5.3,125
7.3,126
10.1,127
11.8,128
14.0,129
16.2,130
16.3,131
15.2,132
11.4,133
11.6,134
9.1,135
9.8,136
10.3,137
12.6,138
14.8,139
13.3,140
13.1,141
14.5,142
13.6,143
13.3,144
11.8,145
12.5,146
11.1,147
12.1,148
12.3,149
15.4,150
17.7,151
15.4,152
16.1,153
18.6,154
18.9,155
13.8,156
19.1,157
21.1,158
19.2,159
20.0,160
21.3,161
22.1,162
17.4,163
16.7,164
15.1,165
13.7,166
14.3,167
13.0,168
14.3,169
12.3,170
13.4,171
14.4,172
15.6,173
14.4,174
15.8,175
14.3,176
16.6,177
18.7,178
21.1,179
20.8,180
20.9,181
21.1,182
22.7,183
16.4,184
16.1,185
16.9,186
19.2,187
20.8,188
21.6,189
20.8,190
19.8,191
18.8,192
18.4,193
14.6,194
15.9,195
17.3,196
16.4,197
19.1,198
19.1,199
18.3,200
19.9,201
17.2,202
22.6,203
21.1,204
17.5,205
17.4,206
19.3,207
21.5,208
21.9,209
21.1,210
21.5,211
20.1,212
19.7,213
18.0,214
18.3,215
18.2,216
19.6,217
19.7,218
16.5,219
16.9,220
16.0,221
14.4,222
14.2,223
13.4,224
15.8,225
17.8,226
18.8,227
17.1,228
16.3,229
16.7,230
15.6,231
15.6,232
16.2,233
16.2,234
16.4,235
16.1,236
18.7,237
18.8,238
20.3,239
17.4,240
14.7,241
12.8,242
13.5,243
12.8,244
13.2,245
14.3,246
16.4,247
18.3,248
15.9,249
14.3,250
13.2,251
13.8,252
12.9,253
14.8,254
15.9,255
15.2,256
14.5,257
12.0,258
12.2,259
10.1,260
12.9,261
13.2,262
13.8,263
12.2,264
12.8,265
11.7,266
10.8,267
12.7,268
13.4,269
12.3,270
12.9,271
16.0,272
15.1,273
13.4,274
13.9,275
12.7,276
13.8,277
12.4,278
12.7,279
8.9,280
6.7,281
5.8,282
8.4,283
6.9,284
5.6,285
5.3,286
3.7,287
5.7,288
6.7,289
5.2,290
7.4,291
6.8,292
5.4,293
4.7,294
10.8,295
8.8,296
4.4,297
5.5,298
7.9,299
8.5,300
9.1,301
7.2,302
8.4,303
9.1,304
10.7,305
10.1,306
9.2,307
8.6,308
8.4,309
8.2,310
7.2,311
4.8,312
4.9,313
5.7,314
3.0,315
1.4,316
2.3,317
4.9,318
3.1,319
1.7,320
3.4,321
3.8,322
6.1,323
5.2,324
5.9,325
2.5,326
5.4,327
6.6,328
8.0,329
5.3,330
8.7,331
4.1,332
6.2,333
6.7,334
5.6,335
3.3,336
2.1,337
4.7,338
1.2,339
-0.2,340
1.6,341
-0.1,342
3.3,343
1.9,344
-0.3,345
3.1,346
3.6,347
4.3,348
3.1,349
2.8,350
1.5,351
0.7,352
10.0,353
0.7,354
0.1,355
-0.4,356
3.6,357
2.4,358
4.1,359
8.9,360
8.1,361
2.2,362
4.9,363
0.4,364
-3.8,365
-1.6,1
4.4,2
2.8,3
2.9,4
-0.2,5
-1.9,6
-4.4,7
-3.8,8
-6.1,9
-2.2,10
2.5,11
2.2,12
-0.6,13
-1.5,14
-3.2,15
-0.9,16
0.8,17
0.8,18
1.1,19
-3.7,20
-2.8,21
0.3,22
-2.5,23
-2.9,24
-3.7,25
-1.5,26
-1.6,27
-1.9,28
-3.3,29
-6.5,30
-6.4,31
-8.1,32
-11.6,33
-12.5,34
-14.4,35
-11.2,36
-7.8,37
-5.9,38
-6.8,39
-8.6,40
-10.9,41
-4.0,42
-2.2,43
-5.7,44
-1.1,45
-2.1,46
-4.8,47
-2.9,48
-2.1,49
1.9,50
-0.6,51
2.1,52
1.4,53
3.9,54
4.2,55
1.3,56
-1.4,57
-1.8,58
2.9,59
3.9,60
3.1,61
4.1,62
0.6,63
-3.0,64
-4.2,65
-3.8,66
-1.5,67
0.1,68
3.3,69
5.1,70
4.1,71
8.1,72
6.7,73
1.8,74
3.9,75
4.0,76
4.7,77
5.8,78
2.0,79
1.9,80
8.2,81
8.4,82
8.3,83
7.6,84
5.6,85
7.5,86
10.9,87
7.8,88
4.7,89
2.6,90
-0.8,91
0.3,92
-0.2,93
-0.2,94
2.1,95
3.9,96
0.9,97
-0.1,98
0.9,99
2.9,100
4.4,101
6.1,102
7.1,103
3.3,104
1.7,105
3.1,106
4.6,107
2.8,108
3.4,109
5.6,110
3.2,111
4.9,112
5.3,113
7.1,114
7.7,115
8.3,116
8.0,117
11.4,118
11.4,119
9.3,120
9.1,121
8.7,122
11.6,123
8.1,124
7.4,125
8.6,126
7.7,127
7.9,128
8.4,129
10.7,130
13.9,131
15.1,132
8.0,133
9.4,134
10.3,135
11.8,136
10.7,137
11.1,138
11.4,139
12.0,140
15.4,141
14.8,142
15.7,143
15.5,144
16.4,145
17.7,146
15.0,147
16.0,148
12.6,149
9.6,150
9.3,151
9.9,152
6.4,153
5.7,154
7.8,155
10.1,156
11.9,157
12.1,158
13.6,159
13.6,160
12.1,161
13.4,162
14.3,163
12.3,164
14.6,165
14.7,166
14.1,167
12.6,168
13.6,169
15.2,170
15.5,171
16.0,172
15.7,173
15.1,174
14.0,175
14.9,176
12.8,177
13.9,178
13.7,179
14.5,180
16.4,181
17.7,182
18.2,183
16.6,184
18.2,185
18.0,186
17.2,187
18.5,188
20.9,189
18.7,190
20.2,191
17.8,192
16.4,193
17.2,194
15.5,195
16.1,196
15.8,197
16.6,198
14.3,199
14.2,200
15.4,201
16.1,202
14.5,203
16.7,204
17.6,205
21.4,206
20.6,207
17.8,208
17.1,209
20.3,210
18.9,211
17.9,212
15.3,213
15.1,214
17.7,215
19.4,216
17.7,217
18.0,218
17.8,219
17.1,220
15.1,221
14.7,222
14.2,223
15.4,224
16.4,225
16.7,226
16.9,227
18.3,228
16.9,229
18.4,230
17.4,231
19.3,232
16.7,233
16.6,234
15.8,235
14.8,236
15.0,237
15.6,238
15.2,239
11.9,240
12.1,241
16.4,242
17.5,243
15.5,244
14.4,245
14.8,246
16.7,247
15.6,248
14.7,249
11.3,250
11.6,251
11.6,252
10.7,253
16.1,254
17.3,255
12.8,256
11.3,257
11.2,258
12.3,259
13.6,260
14.0,261
12.1,262
11.1,263
9.4,264
8.4,265
10.1,266
10.0,267
7.9,268
9.1,269
11.9,270
12.4,271
10.2,272
10.3,273
9.4,274
11.6,275
11.8,276
10.9,277
10.3,278
8.2,279
7.8,280
9.2,281
8.0,282
6.8,283
5.2,284
5.1,285
3.3,286
4.4,287
6.4,288
8.3,289
7.6,290
9.6,291
9.9,292
11.9,293
9.4,294
8.9,295
5.6,296
4.5,297
4.6,298
0.8,299
0.9,300
0.1,301
-2.7,302
1.5,303
3.6,304
2.6,305
7.3,306
7.7,307
5.3,308
2.8,309
3.9,310
1.9,311
3.0,312
1.2,313
-1.1,314
6.9,315
7.6,316
5.4,317
1.9,318
8.9,319
6.8,320
5.9,321
6.6,322
5.5,323
4.5,324
6.1,325
6.4,326
6.3,327
6.2,328
5.6,329
2.8,330
3.7,331
3.2,332
1.6,333
-0.9,334
-3.0,335
-5.3,336
-9.4,337
-13.3,338
-8.1,339
-3.3,340
-1.6,341
-4.8,342
-5.6,343
-8.7,344
-3.6,345
-3.4,346
-5.4,347
-7.7,348
-5.6,349
-0.1,350
0.6,351
0.2,352
-1.6,353
-1.9,354
-2.3,355
-3.8,356
-3.4,357
-3.2,358
-2.6,359
-2.3,360
0.2,361
0.1,362
-4.1,363
0.4,364
3.2,365
4.2,1
1.9,2
0.3,3
2.5,4
-2.3,5
-2.8,6
-1.5,7
0.4,8
-1.0,9
-2.1,10
-3.6,11
-5.3,12
-9.1,13
-5.3,14
-2.8,15
-3.4,16
-5.1,17
-11.4,18
-16.4,19
-5.8,20
-6.9,21
-12.8,22
-13.2,23
-15.1,24
-13.7,25
-5.4,26
-2.8,27
1.7,28
1.7,29
2.8,30
1.9,31
-3.3,32
-5.4,33
-5.2,34
-0.8,35
1.2,36
-0.7,37
-0.2,38
-1.3,39
-1.8,40
-5.0,41
-4.9,42
-1.8,43
-1.1,44
0.6,45
0.7,46
0.7,47
0.1,48
-0.5,49
-1.0,50
-2.7,51
-4.9,52
-3.9,53
-1.9,54
-2.0,55
-3.9,56
-2.9,57
2.6,58
0.7,59
0.8,60
-0.8,61
-0.9,62
0.7,63
2.3,64
1.7,65
-2.8,66
-3.7,67
-4.1,68
-7.2,69
-8.3,70
-3.6,71
-5.6,72
-8.8,73
-7.9,74
-5.4,75
-2.6,76
-5.1,77
-5.8,78
-4.7,79
-4.7,80
-6.7,81
-4.2,82
-2.7,83
-2.1,84
-1.8,85
-1.1,86
-0.8,87
-1.7,88
-0.3,89
-1.2,90
-0.5,91
0.3,92
1.6,93
1.3,94
0.9,95
0.9,96
0.7,97
-1.3,98
-0.7,99
0.3,100
1.9,101
2.4,102
2.7,103
5.3,104
6.3,105
6.1,106
9.6,107
9.1,108
7.7,109
5.9,110
6.9,111
6.2,112
8.7,113
8.1,114
9.2,115
7.0,116
6.3,117
6.1,118
7.7,119
7.3,120
7.4,121
7.9,122
8.2,123
11.3,124
11.8,125
12.3,126
14.8,127
14.4,128
15.3,129
15.3,130
12.8,131
13.1,132
12.6,133
8.7,134
9.7,135
13.4,136
15.4,137
14.7,138
15.6,139
14.2,140
13.2,141
11.7,142
11.6,143
13.4,144
14.8,145
13.4,146
13.6,147
15.7,148
13.8,149
15.8,150
16.4,151
15.8,152
19.1,153
15.9,154
10.6,155
13.5,156
16.4,157
17.9,158
17.1,159
13.1,160
12.2,161
14.7,162
16.3,163
15.3,164
14.7,165
15.4,166
13.8,167
15.6,168
16.1,169
15.6,170
18.9,171
18.0,172
18.3,173
18.7,174
18.8,175
19.8,176
18.0,177
17.2,178
17.4,179
16.4,180
16.3,181
16.1,182
16.4,183
16.3,184
17.6,185
18.1,186
18.7,187
21.4,188
17.7,189
19.4,190
14.6,191
15.9,192
16.9,193
19.4,194
15.1,195
17.4,196
18.4,197
19.6,198
21.3,199
16.3,200
16.4,201
17.8,202
15.7,203
15.4,204
19.6,205
19.8,206
21.1,207
21.8,208
20.9,209
20.5,210
18.1,211
16.4,212
16.5,213
19.9,214
21.4,215
20.9,216
19.8,217
20.4,218
20.0,219
18.3,220
16.9,221
17.4,222
17.5,223
15.6,224
15.3,225
14.7,226
15.9,227
17.7,228
17.7,229
18.1,230
16.8,231
16.6,232
17.2,233
16.1,234
14.0,235
13.8,236
14.8,237
16.3,238
17.1,239
17.7,240
15.6,241
15.4,242
15.6,243
14.0,244
12.7,245
14.0,246
15.6,247
16.3,248
16.2,249
15.3,250
15.3,251
15.0,252
17.7,253
15.4,254
14.7,255
15.1,256
15.8,257
16.3,258
14.6,259
10.9,260
11.2,261
9.8,262
11.4,263
11.7,264
11.8,265
10.0,266
7.7,267
5.3,268
4.8,269
6.4,270
7.2,271
6.2,272
7.4,273
3.6,274
3.8,275
6.2,276
8.9,277
11.2,278
10.8,279
13.4,280
14.5,281
12.3,282
10.1,283
6.7,284
6.3,285
7.4,286
9.6,287
7.8,288
5.7,289
6.4,290
2.6,291
2.7,292
0.8,293
1.4,294
8.4,295
12.9,296
11.9,297
8.3,298
11.4,299
12.4,300
11.2,301
9.9,302
8.1,303
7.4,304
7.9,305
5.5,306
5.9,307
6.4,308
4.7,309
4.3,310
4.6,311
6.7,312
5.9,313
4.4,314
2.1,315
6.0,316
5.2,317
2.2,318
5.7,319
9.7,320
5.7,321
4.8,322
6.1,323
1.5,324
3.3,325
1.0,326
1.1,327
0.1,328
-0.8,329
-1.1,330
6.3,331
5.6,332
-0.6,333
-2.4,334
4.0,335
1.6,336
5.7,337
1.9,338
2.9,339
0.6,340
-4.4,341
-5.8,342
-4.2,343
2.8,344
5.9,345
7.6,346
1.9,347
1.3,348
4.4,349
5.9,350
5.4,351
2.1,352
4.6,353
3.6,354
4.7,355
6.2,356
4.5,357
5.9,358
6.3,359
2.8,360
3.7,361
5.3,362
4.1,363
3.2,364
3.5,365
3.1,1
4.0,2
4.3,3
4.9,4
2.2,5
3.9,6
5.8,7
6.0,8
5.3,9
-0.7,10
-3.3,11
-7.4,12
-8.6,13
-5.9,14
-5.6,15
-5.1,16
-6.7,17
-3.7,18
-3.3,19
-2.3,20
-2.8,21
-5.6,22
-6.7,23
-4.6,24
-4.0,25
-3.1,26
-1.0,27
-0.6,28
-2.9,29
-3.4,30
-3.9,31
0.3,32
1.8,33
1.6,34
0.7,35
1.1,36
1.6,37
2.7,38
3.2,39
3.1,40
3.1,41
1.7,42
1.1,43
1.4,44
1.9,45
2.3,46
3.9,47
3.7,48
0.8,49
-1.3,50
-0.2,51
1.7,52
3.8,53
5.4,54
6.0,55
3.2,56
1.8,57
2.2,58
2.4,59
1.8,60
1.6,61
2.4,62
2.8,63
2.4,64
4.1,65
5.8,66
6.3,67
8.4,68
6.5,69
4.8,70
6.9,71
6.6,72
6.6,73
2.6,74
-0.1,75
0.4,76
-0.9,77
-1.8,78
2.8,79
9.0,80
5.3,81
4.6,82
2.4,83
3.6,84
3.4,85
4.9,86
4.6,87
5.8,88
5.7,89
3.0,90
0.8,91
1.6,92
2.3,93
2.4,94
4.0,95
6.9,96
5.8,97
3.8,98
3.0,99
3.9,100
5.7,101
7.2,102
8.3,103
7.3,104
6.2,105
6.3,106
9.1,107
7.4,108
8.5,109
9.8,110
11.0,111
10.3,112
6.6,113
5.4,114
6.7,115
9.4,116
11.6,117
13.7,118
8.5,119
6.7,120
3.3,121
4.9,122
5.1,123
4.7,124
5.1,125
5.3,126
6.1,127
6.7,128
7.9,129
7.3,130
8.2,131
8.5,132
9.6,133
7.8,134
8.4,135
13.9,136
14.8,137
15.3,138
13.3,139
14.9,140
17.0,141
19.3,142
20.6,143
20.5,144
19.1,145
13.8,146
8.1,147
7.4,148
11.5,149
10.0,150
11.7,151
13.2,152
14.2,153
12.8,154
13.3,155
15.3,156
15.0,157
15.3,158
18.2,159
19.9,160
18.2,161
18.1,162
16.7,163
13.7,164
12.3,165
16.2,166
13.3,167
11.4,168
15.6,169
11.6,170
10.6,171
10.4,172
9.8,173
10.1,174
13.1,175
12.5,176
12.3,177
13.2,178
13.4,179
13.9,180
14.1,181
12.8,182
15.2,183
15.4,184
17.7,185
19.6,186
19.1,187
22.3,188
22.6,189
22.2,190
21.2,191
17.2,192
17.2,193
18.0,194
17.9,195
18.9,196
19.7,197
19.7,198
19.7,199
19.4,200
19.6,201
19.4,202
21.2,203
22.6,204
24.3,205
24.3,206
24.1,207
21.9,208
22.9,209
24.2,210
22.3,211
21.2,212
20.6,213
21.7,214
23.1,215
25.1,216
22.4,217
22.5,218
19.9,219
20.3,220
21.7,221
21.6,222
19.5,223
17.2,224
16.2,225
16.6,226
16.4,227
15.9,228
15.6,229
15.1,230
14.7,231
14.3,232
14.6,233
14.8,234
12.9,235
13.0,236
12.9,237
12.6,238
15.2,239
15.0,240
13.8,241
11.8,242
12.3,243
13.2,244
13.3,245
15.2,246
16.7,247
15.2,248
15.3,249
16.1,250
16.2,251
14.3,252
14.8,253
14.3,254
14.6,255
14.5,256
12.6,257
12.6,258
11.6,259
11.7,260
12.7,261
13.2,262
14.1,263
13.1,264
8.9,265
4.6,266
5.8,267
7.7,268
10.2,269
12.8,270
13.4,271
12.8,272
7.2,273
6.9,274
11.8,275
12.2,276
12.4,277
12.4,278
9.0,279
9.2,280
11.3,281
11.1,282
12.1,283
10.0,284
9.6,285
9.6,286
9.1,287
7.2,288
5.2,289
4.8,290
7.6,291
12.7,292
10.0,293
6.8,294
4.3,295
4.7,296
8.1,297
10.2,298
11.2,299
13.6,300
14.3,301
8.7,302
2.3,303
1.6,304
5.8,305
11.6,306
11.5,307
10.5,308
4.5,309
1.3,310
2.6,311
3.2,312
6.4,313
8.4,314
8.1,315
6.0,316
7.7,317
7.0,318
6.9,319
6.1,320
5.3,321
5.6,322
4.1,323
4.6,324
2.8,325
2.6,326
5.1,327
6.3,328
3.2,329
-0.1,330
2.6,331
2.2,332
1.4,333
1.1,334
1.1,335
2.1,336
1.1,337
3.0,338
2.2,339
2.1,340
2.9,341
2.7,342
2.1,343
3.3,344
4.1,345
2.1,346
1.3,347
1.7,348
3.8,349
2.0,350
-0.5,351
1.1,352
4.0,353
1.3,354
-1.3,355
0.6,356
-0.4,357
-2.3,358
-7.4,359
-5.7,360
-8.8,361
-10.1,362
-7.6,363
-0.2,364
2.1,365
4.9,1
5.3,2
2.3,3
-0.2,4
-3.1,5
-2.7,6
0.6,7
3.3,8
0.3,9
-1.2,10
-1.4,11
-2.1,12
3.4,13
1.9,14
2.1,15
4.7,16
2.7,17
2.7,18
0.2,19
0.3,20
0.2,21
-0.7,22
-4.3,23
-1.4,24
-0.1,25
-0.1,26
10.0,27
1.2,28
2.0,29
0.8,30
0.5,31
-0.4,32
-3.9,33
-2.4,34
-0.9,35
-2.7,36
-0.7,37
-0.2,38
-1.9,39
3.4,40
1.6,41
1.3,42
1.3,43
0.3,44
1.1,45
-0.2,46
-0.4,47
1.0,48
4.6,49
5.9,50
4.0,51
2.0,52
1.3,53
1.7,54
2.3,55
3.9,56
1.1,57
2.2,58
1.9,59
2.3,60
3.7,61
1.8,62
0.7,63
1.4,64
2.9,65
4.8,66
11.1,67
6.4,68
6.9,69
4.3,70
1.7,71
1.0,72
1.7,73
3.3,74
3.6,75
4.2,76
5.3,77
5.7,78
2.3,79
-1.3,80
-0.9,81
3.8,82
5.7,83
-0.1,84
2.7,85
4.7,86
3.2,87
3.2,88
3.5,89
3.4,90
2.7,91
1.9,92
3.5,93
2.3,94
2.6,95
4.1,96
8.1,97
7.3,98
8.4,99
8.0,100
7.8,101
8.0,102
6.8,103
4.3,104
6.4,105
6.1,106
2.9,107
5.7,108
9.3,109
9.6,110
8.8,111
9.8,112
10.6,113
7.2,114
8.4,115
10.3,116
8.9,117
7.8,118
6.6,119
7.6,120
8.2,121
6.9,122
8.2,123
7.1,124
8.4,125
12.1,126
11.3,127
9.4,128
9.7,129
7.8,130
10.3,131
11.8,132
7.9,133
8.3,134
6.4,135
7.2,136
5.7,137
6.8,138
7.2,139
10.4,140
10.8,141
11.2,142
11.1,143
12.6,144
11.5,145
11.2,146
11.4,147
11.9,148
11.4,149
9.8,150
10.5,151
11.8,152
10.9,153
13.1,154
14.1,155
14.3,156
14.5,157
12.9,158
11.1,159
12.8,160
15.3,161
15.8,162
18.8,163
18.1,164
13.8,165
11.9,166
12.7,167
12.7,168
11.4,169
11.3,170
12.4,171
13.1,172
14.1,173
14.2,174
13.8,175
14.4,176
13.6,177
15.6,178
17.3,179
17.2,180
16.1,181
19.1,182
22.8,183
22.5,184
22.1,185
19.9,186
17.2,187
17.1,188
15.4,189
15.0,190
13.2,191
15.8,192
16.2,193
14.8,194
15.9,195
17.1,196
16.1,197
13.8,198
15.3,199
15.8,200
15.2,201
14.6,202
16.2,203
16.2,204
16.3,205
14.5,206
16.4,207
14.8,208
15.5,209
15.5,210
14.8,211
14.9,212
16.2,213
14.9,214
15.9,215
16.4,216
17.9,217
18.4,218
19.4,219
19.4,220
18.3,221
18.2,222
17.2,223
17.8,224
15.8,225
16.2,226
16.8,227
17.7,228
15.7,229
16.7,230
15.8,231
16.1,232
15.8,233
16.3,234
16.7,235
19.2,236
20.7,237
17.3,238
18.4,239
17.4,240
16.9,241
15.8,242
16.0,243
14.7,244
14.5,245
14.9,246
12.2,247
13.8,248
11.2,249
12.0,250
11.4,251
11.1,252
12.4,253
12.7,254
15.1,255
14.5,256
15.7,257
14.9,258
14.8,259
16.4,260
15.1,261
13.1,262
11.2,263
11.1,264
11.6,265
13.4,266
13.3,267
12.3,268
10.1,269
9.7,270
10.4,271
9.5,272
11.9,273
12.7,274
14.1,275
10.4,276
10.7,277
8.4,278
6.3,279
6.9,280
5.9,281
2.6,282
3.3,283
3.1,284
4.9,285
8.1,286
6.5,287
4.7,288
3.9,289
2.7,290
6.4,291
7.8,292
7.7,293
8.3,294
10.8,295
10.4,296
7.7,297
9.7,298
6.0,299
6.3,300
1.8,301
3.2,302
6.1,303
8.2,304
9.2,305
10.1,306
7.4,307
6.7,308
6.2,309
9.2,310
9.8,311
7.5,312
7.4,313
6.4,314
5.3,315
5.2,316
5.6,317
4.3,318
4.3,319
4.4,320
5.4,321
3.2,322
2.8,323
-1.3,324
-3.3,325
-3.9,326
-5.4,327
1.6,328
3.3,329
2.9,330
7.1,331
5.3,332
3.2,333
2.4,334
1.6,335
1.5,336
5.4,337
5.4,338
8.4,339
10.3,340
5.7,341
1.6,342
7.1,343
8.0,344
4.2,345
1.0,346
-2.1,347
-4.8,348
-2.7,349
-0.2,350
2.3,351
8.1,352
8.7,353
11.2,354
8.8,355
5.9,356
7.8,357
6.2,358
6.6,359
0.7,360
-2.9,361
-4.2,362
-5.1,363
1.4,364
1.3,365
1.1,1
-3.3,2
-5.0,3
-7.0,4
-9.2,5
-12.8,6
-12.2,7
-6.3,8
-8.0,9
-2.4,10
1.1,11
-3.6,12
-6.6,13
-13.1,14
-14.7,15
-12.8,16
-9.3,17
-6.2,18
-8.3,19
-9.6,20
-8.9,21
-9.9,22
-2.7,23
-0.1,24
0.8,25
4.0,26
5.5,27
3.7,28
4.6,29
4.2,30
1.5,31
-0.8,32
4.7,33
-0.2,34
-1.1,35
-1.4,36
2.6,37
4.9,38
4.6,39
4.1,40
3.1,41
0.7,42
-1.2,43
-0.8,44
-3.1,45
-5.4,46
-4.8,47
-1.0,48
1.2,49
10.0,50
0.1,51
1.7,52
0.6,53
-1.5,54
-1.3,55
-0.7,56
-1.6,57
-1.7,58
-1.4,59
-1.8,60
-1.3,61
0.2,62
2.2,63
2.1,64
0.7,65
0.6,66
2.2,67
2.8,68
1.9,69
1.4,70
1.6,71
0.1,72
0.7,73
5.2,74
5.0,75
5.2,76
5.2,77
1.2,78
0.7,79
1.3,80
1.9,81
0.9,82
1.7,83
2.3,84
4.1,85
6.3,86
6.4,87
6.9,88
6.0,89
4.4,90
3.0,91
4.1,92
3.9,93
8.0,94
5.1,95
7.6,96
7.2,97
6.5,98
5.9,99
5.4,100
5.4,101
5.7,102
6.6,103
6.7,104
4.2,105
6.7,106
5.8,107
6.8,108
7.8,109
6.2,110
6.3,111
6.7,112
4.7,113
3.4,114
1.3,115
2.4,116
3.7,117
3.6,118
4.6,119
7.0,120
7.8,121
9.6,122
10.4,123
12.1,124
14.7,125
14.1,126
13.2,127
14.2,128
14.8,129
17.2,130
17.3,131
10.5,132
9.9,133
9.1,134
7.3,135
7.1,136
8.2,137
8.9,138
11.7,139
12.4,140
13.9,141
12.6,142
15.2,143
17.3,144
16.8,145
10.4,146
9.1,147
10.4,148
11.9,149
13.7,150
16.1,151
18.6,152
19.3,153
20.7,154
19.4,155
13.6,156
11.3,157
12.1,158
18.2,159
13.6,160
11.0,161
9.4,162
10.0,163
12.0,164
15.1,165
15.1,166
17.6,167
13.9,168
15.9,169
13.4,170
16.0,171
16.2,172
17.4,173
19.6,174
19.7,175
17.3,176
22.5,177
18.4,178
17.8,179
17.4,180
17.1,181
17.9,182
18.6,183
17.9,184
15.2,185
15.6,186
16.1,187
17.2,188
16.8,189
17.9,190
17.3,191
17.5,192
18.7,193
17.7,194
16.9,195
17.5,196
16.4,197
17.7,198
17.9,199
16.7,200
17.4,201
18.8,202
19.0,203
19.6,204
19.7,205
21.8,206
22.8,207
19.8,208
18.5,209
19.4,210
19.2,211
19.1,212
17.8,213
16.6,214
16.8,215
17.0,216
17.2,217
18.2,218
17.7,219
19.0,220
18.3,221
15.6,222
13.8,223
12.0,224
13.9,225
17.9,226
15.1,227
14.0,228
16.1,229
14.6,230
14.6,231
15.7,232
17.4,233
17.0,234
18.2,235
17.9,236
18.1,237
18.6,238
21.0,239
18.3,240
13.7,241
14.0,242
14.7,243
17.3,244
16.9,245
16.1,246
15.0,247
14.1,248
13.3,249
16.4,250
19.8,251
16.2,252
16.8,253
17.4,254
16.6,255
15.4,256
16.6,257
17.2,258
17.6,259
12.6,260
11.9,261
11.2,262
14.2,263
14.0,264
13.1,265
12.2,266
11.7,267
12.9,268
13.8,269
14.1,270
13.8,271
14.1,272
13.6,273
13.2,274
11.2,275
9.5,276
8.6,277
7.3,278
6.8,279
7.9,280
8.4,281
7.8,282
7.9,283
7.4,284
7.6,285
7.0,286
5.8,287
5.6,288
6.4,289
7.1,290
7.7,291
8.2,292
8.6,293
7.6,294
6.8,295
4.7,296
5.7,297
6.8,298
4.1,299
4.1,300
8.5,301
9.4,302
6.6,303
6.3,304
2.4,305
3.3,306
1.0,307
0.9,308
-0.8,309
0.1,310
-1.2,311
-2.7,312
-2.9,313
-1.4,314
-0.4,315
-0.9,316
-1.3,317
1.1,318
1.9,319
2.9,320
1.9,321
4.3,322
5.1,323
4.6,324
3.8,325
7.8,326
7.8,327
7.1,328
2.8,329
1.4,330
5.7,331
0.9,332
-0.4,333
1.1,334
1.9,335
-0.7,336
-0.5,337
-4.4,338
-1.4,339
3.9,340
-1.8,341
1.1,342
7.6,343
5.6,344
0.1,345
-0.9,346
-3.8,347
0.2,348
10.0,349
-2.8,350
0.9,351
1.2,352
0.7,353
2.8,354
5.1,355
2.2,356
4.4,357
3.9,358
4.8,359
3.3,360
5.7,361
1.7,362
-1.0,363
4.2,364
6.9,365
3.7,1
-1.8,2
-3.8,3
-4.6,4
-11.4,5
-11.9,6
-4.5,7
-5.8,8
1.3,9
1.4,10
1.4,11
2.1,12
0.7,13
-1.7,14
-3.3,15
-2.6,16
-3.3,17
2.0,18
3.9,19
3.2,20
0.3,21
0.1,22
2.2,23
-0.5,24
1.1,25
3.9,26
-0.4,27
-1.9,28
0.4,29
2.3,30
1.3,31
-0.2,32
-0.2,33
-0.2,34
1.3,35
0.4,36
-2.1,37
-4.6,38
-4.0,39
-3.4,40
-2.1,41
-4.2,42
-3.7,43
-0.4,44
0.6,45
-0.4,46
0.6,47
1.9,48
1.2,49
5.3,50
4.2,51
-1.4,52
0.4,53
-0.6,54
-2.6,55
-1.6,56
-0.2,57
1.9,58
3.6,59
3.1,60
2.4,61
0.4,62
-0.5,63
-2.0,64
-1.7,65
-2.7,66
-1.9,67
1.8,68
1.6,69
0.1,70
2.3,71
3.6,72
5.4,73
6.4,74
5.3,75
6.1,76
2.6,77
0.9,78
0.8,79
4.7,80
4.9,81
3.3,82
2.9,83
5.2,84
10.1,85
11.3,86
4.7,87
1.4,88
1.4,89
1.9,90
6.8,91
9.8,92
4.3,93
7.3,94
8.4,95
4.8,96
5.6,97
5.4,98
8.7,99
8.1,100
5.5,101
2.1,102
1.5,103
-0.4,104
-0.3,105
-1.3,106
-0.6,107
0.7,108
3.5,109
4.9,110
7.3,111
5.7,112
4.4,113
3.3,114
2.1,115
3.2,116
4.4,117
4.2,118
5.1,119
6.2,120
9.1,121
9.5,122
8.4,123
7.3,124
10.7,125
11.2,126
7.1,127
3.1,128
1.5,129
1.4,130
3.6,131
5.5,132
7.3,133
11.3,134
7.3,135
7.7,136
10.3,137
16.8,138
19.7,139
14.6,140
15.1,141
14.1,142
12.5,143
14.6,144
14.6,145
14.4,146
18.9,147
20.9,148
15.4,149
11.8,150
11.9,151
10.2,152
9.6,153
11.6,154
13.2,155
13.3,156
15.8,157
14.1,158
12.9,159
14.2,160
16.4,161
16.2,162
14.9,163
13.2,164
17.1,165
18.1,166
16.8,167
18.1,168
20.8,169
19.1,170
15.6,171
14.7,172
14.1,173
14.6,174
15.4,175
14.7,176
13.4,177
13.8,178
14.1,179
14.7,180
16.6,181
16.3,182
17.8,183
15.4,184
13.2,185
13.8,186
14.7,187
17.6,188
15.9,189
16.7,190
17.8,191
16.9,192
17.9,193
15.8,194
15.8,195
17.4,196
17.4,197
16.9,198
17.2,199
15.9,200
16.9,201
16.1,202
17.5,203
17.5,204
16.9,205
17.0,206
16.9,207
18.6,208
16.6,209
17.9,210
18.6,211
19.1,212
18.3,213
19.0,214
17.8,215
17.1,216
16.9,217
14.8,218
17.0,219
18.5,220
18.4,221
17.8,222
19.1,223
17.7,224
14.3,225
15.5,226
15.9,227
16.4,228
16.8,229
16.4,230
17.2,231
16.1,232
15.7,233
14.2,234
14.2,235
14.8,236
13.0,237
13.3,238
12.3,239
13.0,240
17.3,241
18.6,242
14.8,243
13.4,244
12.7,245
13.9,246
13.2,247
13.9,248
12.6,249
11.7,250
11.8,251
14.5,252
14.7,253
14.9,254
15.2,255
13.2,256
12.2,257
11.8,258
11.7,259
11.4,260
9.4,261
9.5,262
8.1,263
12.8,264
12.7,265
13.9,266
14.7,267
14.4,268
14.1,269
13.7,270
13.1,271
11.3,272
10.2,273
10.3,274
12.4,275
12.4,276
10.8,277
8.7,278
8.8,279
6.2,280
6.6,281
8.9,282
7.4,283
6.6,284
10.3,285
7.7,286
12.0,287
11.6,288
13.7,289
11.7,290
8.2,291
4.1,292
4.6,293
5.6,294
4.9,295
4.9,296
4.5,297
8.2,298
4.6,299
4.3,300
5.9,301
3.1,302
2.2,303
1.9,304
5.8,305
7.1,306
3.8,307
8.2,308
9.3,309
5.2,310
1.6,311
2.5,312
7.0,313
5.7,314
4.9,315
1.4,316
-0.2,317
-0.1,318
2.3,319
2.2,320
6.0,321
4.2,322
-0.6,323
-0.8,324
-2.1,325
-1.0,326
7.5,327
4.9,328
0.6,329
0.6,330
3.6,331
3.7,332
3.6,333
1.2,334
1.3,335
0.6,336
3.5,337
-0.7,338
-1.3,339
-1.8,340
4.1,341
4.8,342
3.0,343
10.0,344
-0.5,345
-0.3,346
-0.6,347
2.3,348
1.8,349
1.1,350
-3.0,351
-1.3,352
-0.8,353
1.4,354
-0.2,355
-1.1,356
3.1,357
0.2,358
0.8,359
3.1,360
3.1,361
4.2,362
2.6,363
1.2,364
2.2,365
3.1,1
3.1,2
2.9,3
1.5,4
1.0,5
-3.7,6
-2.4,7
-0.6,8
-0.7,9
-3.8,10
0.3,11
0.4,12
0.1,13
0.6,14
-0.3,15
0.4,16
-1.7,17
-2.2,18
-3.1,19
-3.9,20
-8.6,21
-6.2,22
-2.2,23
3.7,24
6.2,25
3.8,26
0.3,27
1.6,28
0.7,29
-1.0,30
0.4,31
1.4,32
-1.3,33
-2.5,34
-4.4,35
-6.9,36
-7.0,37
-5.5,38
-2.4,39
-1.6,40
-4.4,41
-1.6,42
1.4,43
0.3,44
-1.2,45
-1.0,46
10.0,47
-0.8,48
-0.9,49
-2.7,50
-5.6,51
-5.5,52
-5.2,53
-4.3,54
-7.8,55
-7.4,56
-6.3,57
-12.2,58
-11.8,59
-9.5,60
-7.3,61
-7.9,62
-6.3,63
-4.3,64
-1.7,65
-1.3,66
-0.9,67
0.6,68
-2.2,69
-0.6,70
1.4,71
0.3,72
-3.1,73
-5.6,74
-6.4,75
-5.4,76
-2.6,77
-0.1,78
-2.2,79
0.4,80
1.8,81
2.1,82
2.2,83
4.6,84
-2.0,85
-3.9,86
-2.8,87
-2.2,88
-0.8,89
-0.7,90
-0.2,91
0.8,92
0.6,93
3.3,94
4.4,95
2.6,96
3.5,97
6.3,98
3.3,99
3.3,100
2.2,101
4.1,102
5.7,103
7.9,104
7.3,105
7.6,106
8.5,107
9.8,108
12.3,109
16.2,110
12.4,111
8.8,112
6.7,113
8.9,114
9.2,115
7.5,116
7.1,117
7.4,118
6.9,119
7.4,120
7.9,121
8.3,122
6.9,123
9.2,124
11.8,125
14.7,126
16.7,127
16.9,128
14.6,129
14.1,130
16.6,131
17.4,132
17.2,133
18.7,134
18.9,135
19.4,136
12.1,137
12.9,138
13.3,139
17.4,140
18.1,141
17.1,142
15.4,143
15.4,144
16.6,145
14.6,146
17.4,147
16.9,148
19.1,149
19.8,150
15.8,151
20.8,152
21.3,153
21.3,154
18.0,155
10.4,156
10.8,157
17.6,158
15.3,159
18.6,160
21.3,161
18.6,162
15.8,163
14.8,164
17.4,165
19.1,166
18.0,167
17.2,168
13.9,169
17.2,170
14.1,171
12.5,172
12.0,173
13.2,174
14.9,175
17.2,176
17.4,177
20.2,178
21.9,179
14.4,180
14.4,181
15.1,182
15.9,183
17.6,184
18.3,185
18.5,186
20.4,187
18.8,188
17.9,189
19.4,190
20.8,191
19.2,192
19.5,193
21.4,194
23.2,195
24.6,196
25.4,197
25.4,198
25.3,199
24.0,200
24.4,201
22.3,202
21.3,203
22.1,204
24.2,205
25.1,206
25.8,207
25.1,208
23.9,209
23.8,210
24.8,211
25.3,212
26.1,213
24.9,214
23.8,215
20.7,216
19.8,217
17.9,218
19.9,219
24.8,220
24.7,221
23.1,222
18.8,223
13.9,224
15.3,225
16.0,226
17.1,227
19.6,228
20.4,229
17.6,230
18.1,231
16.3,232
14.9,233
16.4,234
20.7,235
18.9,236
14.7,237
12.9,238
13.2,239
16.9,240
16.4,241
16.6,242
16.1,243
15.8,244
16.0,245
16.8,246
16.2,247
16.8,248
15.4,249
16.4,250
17.7,251
15.3,252
15.8,253
13.9,254
14.9,255
13.9,256
14.0,257
14.7,258
12.9,259
13.0,260
18.3,261
18.5,262
16.4,263
15.9,264
12.5,265
10.6,266
7.0,267
8.4,268
11.6,269
9.7,270
6.2,271
7.1,272
11.2,273
8.2,274
6.8,275
6.1,276
5.8,277
12.3,278
9.6,279
6.2,280
8.8,281
13.6,282
14.3,283
11.3,284
12.3,285
14.1,286
14.6,287
13.3,288
9.8,289
11.9,290
9.6,291
4.3,292
6.3,293
8.9,294
10.7,295
5.7,296
4.8,297
3.7,298
1.2,299
2.3,300
0.9,301
2.1,302
6.4,303
9.6,304
7.4,305
9.5,306
7.8,307
5.6,308
7.4,309
8.3,310
7.2,311
7.7,312
7.9,313
7.6,314
7.9,315
8.4,316
7.6,317
7.6,318
7.6,319
8.3,320
5.0,321
4.7,322
2.0,323
0.8,324
1.5,325
-0.8,326
-2.7,327
-1.7,328
-2.7,329
-0.6,330
-4.9,331
-5.6,332
2.7,333
3.7,334
2.8,335
4.7,336
5.3,337
4.8,338
0.4,339
0.6,340
2.7,341
5.3,342
5.2,343
0.4,344
3.1,345
0.7,346
-0.2,347
-1.8,348
-3.0,349
0.2,350
-1.6,351
-1.1,352
0.2,353
0.7,354
-1.4,355
-2.6,356
-4.8,357
-5.8,358
1.5,359
2.9,360
0.3,361
-1.4,362
-1.1,363
-0.4,364
-0.8,365
3.8,1
-1.3,2
-2.9,3
2.9,4
0.4,5
0.4,6
0.7,7
1.1,8
0.4,9
-2.3,10
1.8,11
-0.8,12
-2.6,13
-3.1,14
-2.9,15
-4.5,16
-2.9,17
-5.3,18
-3.9,19
-6.2,20
-8.2,21
-1.3,22
-3.0,23
-7.5,24
-3.8,25
-4.9,26
-5.2,27
-1.2,28
-0.3,29
-6.0,30
-2.6,31
-0.5,32
0.8,33
-4.7,34
-7.0,35
0.1,36
-5.6,37
1.3,38
2.9,39
3.0,40
4.2,41
1.0,42
-0.9,43
4.3,44
3.6,45
5.1,46
6.0,47
1.8,48
3.4,49
4.6,50
0.8,51
-2.4,52
-3.6,53
2.6,54
4.7,55
5.4,56
6.5,57
6.2,58
3.3,59
-1.1,60
2.1,61
0.9,62
0.4,63
-3.4,64
-3.8,65
2.9,66
2.6,67
0.8,68
-2.3,69
-3.6,70
-4.0,71
1.4,72
3.1,73
1.6,74
0.7,75
3.1,76
2.6,77
1.1,78
3.6,79
6.4,80
5.1,81
7.3,82
5.9,83
3.2,84
2.2,85
4.8,86
7.7,87
9.2,88
8.4,89
4.3,90
3.8,91
4.4,92
5.8,93
6.8,94
5.2,95
7.2,96
5.4,97
1.3,98
10.0,99
0.1,100
-0.2,101
0.3,102
2.1,103
3.0,104
3.5,105
6.0,106
7.7,107
9.7,108
10.8,109
10.9,110
8.9,111
11.2,112
12.6,113
12.7,114
12.3,115
13.2,116
13.8,117
8.3,118
8.3,119
8.2,120
7.6,121
4.3,122
3.0,123
3.6,124
6.6,125
7.4,126
5.5,127
7.2,128
9.9,129
11.2,130
10.4,131
9.3,132
7.3,133
7.6,134
10.4,135
11.0,136
12.3,137
14.5,138
15.1,139
17.0,140
18.3,141
19.9,142
12.7,143
12.8,144
11.4,145
10.2,146
9.7,147
12.7,148
10.8,149
11.2,150
13.4,151
12.4,152
15.2,153
15.8,154
17.6,155
20.7,156
22.7,157
21.4,158
20.3,159
16.6,160
16.4,161
15.1,162
14.3,163
14.6,164
16.9,165
19.8,166
20.9,167
19.5,168
19.0,169
20.6,170
22.2,171
18.8,172
17.2,173
17.9,174
17.3,175
17.4,176
15.9,177
16.1,178
15.9,179
20.2,180
21.5,181
18.6,182
13.4,183
13.2,184
12.3,185
11.7,186
15.3,187
14.2,188
15.4,189
12.4,190
16.4,191
16.0,192
13.7,193
15.4,194
17.6,195
14.2,196
12.8,197
16.3,198
17.8,199
18.9,200
19.8,201
18.7,202
18.8,203
19.1,204
21.3,205
23.9,206
23.6,207
23.8,208
25.2,209
21.4,210
14.4,211
14.2,212
15.8,213
18.1,214
16.5,215
14.6,216
16.9,217
17.6,218
18.4,219
17.0,220
16.4,221
16.7,222
18.2,223
17.9,224
17.4,225
15.4,226
16.5,227
17.6,228
18.1,229
18.1,230
16.6,231
16.7,232
15.2,233
16.3,234
15.9,235
17.3,236
18.5,237
19.7,238
20.4,239
21.3,240
20.1,241
17.2,242
18.5,243
20.5,244
15.9,245
14.8,246
14.2,247
15.6,248
13.4,249
13.7,250
13.9,251
16.0,252
17.8,253
15.7,254
16.3,255
14.7,256
12.7,257
13.5,258
11.8,259
9.0,260
8.5,261
7.8,262
10.7,263
13.5,264
8.6,265
7.6,266
9.3,267
8.7,268
7.5,269
9.3,270
12.7,271
12.0,272
10.4,273
7.7,274
6.4,275
5.5,276
3.1,277
3.3,278
3.3,279
4.0,280
4.4,281
7.2,282
9.4,283
9.7,284
10.8,285
9.6,286
7.8,287
8.3,288
9.3,289
7.6,290
10.3,291
10.3,292
9.6,293
7.3,294
10.4,295
10.4,296
9.9,297
11.3,298
5.7,299
3.9,300
1.3,301
2.2,302
1.1,303
3.1,304
1.6,305
5.2,306
3.2,307
2.2,308
0.8,309
0.1,310
0.3,311
4.4,312
3.5,313
0.7,314
1.4,315
5.2,316
4.2,317
3.7,318
3.0,319
6.4,320
7.1,321
6.5,322
7.8,323
7.1,324
6.7,325
5.1,326
4.1,327
3.3,328
3.0,329
4.8,330
5.9,331
6.2,332
-1.1,333
-2.2,334
-1.8,335
-3.1,336
-1.0,337
3.4,338
6.3,339
6.2,340
4.3,341
3.0,342
5.0,343
-3.4,344
3.5,345
3.1,346
3.2,347
3.8,348
3.6,349
3.5,350
3.8,351
2.2,352
-0.3,353
5.1,354
5.6,355
4.9,356
2.7,357
2.5,358
2.9,359
0.6,360
-1.1,361
-3.2,362
2.6,363
8.2,364
4.1,365
